id,createdAt,status,severity,action,actorType,actorId,actorName,entityType,entityId,entityName,summary,metadata
"cmrca3y0k0003pv8cnef59abw","2026-07-08T16:15:07.508Z","success","info","audit.seed_demo","api","manual","Manual API","system","audit","Audit Log Engine","Audit demo events were seeded","{""seed"":true}"
"cmrca3y0k0002pv8cthoiq8lq","2026-07-08T16:15:07.480Z","success","info","notification.channel.created","user","demo-user","Demo User","notification_channel","demo-channel","Demo Webhook","Demo notification channel was created",
"cmrca3xzs0001pv8cgyxvmthl","2026-07-08T16:15:07.480Z","failure","warning","notification.delivery.failed","system","notification-worker","Notification Worker","notification_delivery","demo-delivery","Demo Delivery","Demo notification delivery failed","{""error"":""Demo webhook timeout""}"
"cmrca3n2o0000pv8cxqpgo1x7","2026-07-08T16:14:53.287Z","success","info","notification.defaults.seeded","api","notification-api","Notification API","system","notification-engine","Notification Engine","Notification defaults were seeded","{""ruleId"":""rule_1783527292936_ypfcu638"",""channelId"":""channel_1783527292936_yccxcmm5""}"
"cmrc5vmug000hpvgshgc4te43","2026-07-08T14:16:41.320Z","success","info","notification.defaults.seed_skipped","api","notification-api","Notification API","system","notification-engine","Notification Engine","Notification defaults already exist, seed skipped","{""rules"":1,""channels"":1}"
"cmrc5vmgd000gpvgsn3l9gp8n","2026-07-08T14:16:40.813Z","success","info","manual.audit.smoke_test","api","audit-smoke-test","Audit Smoke Test","system","audit","Audit Log Engine","Manual audit event from audit-log-smoke.ps1","{""smokeTest"":true,""generatedBy"":""PowerShell""}"
"cmrc5vmcd000fpvgs9hj5r8gb","2026-07-08T14:16:40.669Z","success","info","audit.seed_demo","api","manual","Manual API","system","audit","Audit Log Engine","Audit demo events were seeded","{""seed"":true}"
"cmrc5vm59000dpvgsdgo11fhp","2026-07-08T14:16:40.412Z","failure","warning","notification.delivery.failed","system","notification-worker","Notification Worker","notification_delivery","demo-delivery","Demo Delivery","Demo notification delivery failed","{""error"":""Demo webhook timeout""}"
"cmrc5vm5a000epvgsf1zxscvg","2026-07-08T14:16:40.412Z","success","info","notification.channel.created","user","demo-user","Demo User","notification_channel","demo-channel","Demo Webhook","Demo notification channel was created",
"cmrc5v67a000cpvgsbuq3b36z","2026-07-08T14:16:19.750Z","success","info","job.completed","system","system","System","job","d9e71a5a-f7ea-4fb3-9c01-c46250f06f61",,"job.completed",
"cmrc5v675000bpvgsbucgrg7o","2026-07-08T14:16:19.744Z","success","info","schedule.triggered","system","system","System","schedule","core-heartbeat",,"schedule.triggered",
"cmrc5v673000apvgshli9r0rf","2026-07-08T14:16:19.744Z","success","info","job.started","system","system","System","job","d9e71a5a-f7ea-4fb3-9c01-c46250f06f61",,"job.started",
"cmrc5v66w0009pvgst1nti793","2026-07-08T14:16:19.735Z","success","info","job.created","system","system","System","job","d9e71a5a-f7ea-4fb3-9c01-c46250f06f61",,"job.created",
"cmrc5tvff0008pvgscs64p0yl","2026-07-08T14:15:19.131Z","success","info","job.completed","system","system","System","job","d023a66b-fd47-4342-a889-c8d24eae4cc6",,"job.completed",
"cmrc5tvfb0007pvgswkq7zx1j","2026-07-08T14:15:19.127Z","success","info","schedule.triggered","system","system","System","schedule","core-heartbeat",,"schedule.triggered",
"cmrc5tvfa0006pvgsg6w02dz5","2026-07-08T14:15:19.127Z","success","info","job.started","system","system","System","job","d023a66b-fd47-4342-a889-c8d24eae4cc6",,"job.started",
"cmrc5tvf60005pvgslmpzur8c","2026-07-08T14:15:19.121Z","success","info","job.created","system","system","System","job","d023a66b-fd47-4342-a889-c8d24eae4cc6",,"job.created",
"cmrc5skoh0003pvgs114uf451","2026-07-08T14:14:18.545Z","success","info","job.completed","system","system","System","job","4235e7f2-2f63-4448-aaa3-191b6ed0c153",,"job.completed",
"cmrc5skp70004pvgsmpzww53u","2026-07-08T14:14:18.540Z","success","info","schedule.triggered","system","system","System","schedule","core-heartbeat",,"schedule.triggered",
"cmrc5skob0002pvgsfooaumx4","2026-07-08T14:14:18.540Z","success","info","job.started","system","system","System","job","4235e7f2-2f63-4448-aaa3-191b6ed0c153",,"job.started",
"cmrc5sko40001pvgsmcfgqz74","2026-07-08T14:14:18.485Z","success","info","job.created","system","system","System","job","4235e7f2-2f63-4448-aaa3-191b6ed0c153",,"job.created",
"cmrc5ra2i0000pvgsk64de1j1","2026-07-08T14:13:18.098Z","success","info","notification.defaults.seeded","api","notification-api","Notification API","system","notification-engine","Notification Engine","Notification defaults were seeded","{""ruleId"":""rule_1783519997743_fhclhnvr"",""channelId"":""channel_1783519997743_lwa5e51j""}"
"cmrbwd1oz0002pv8kq8umvvhv","2026-07-08T09:50:17.555Z","success","info","job.completed","system","system","System","job","d68e4671-1261-4b06-a257-f4815f0d3d00",,"job.completed",
"cmrbwd1po0003pv8kqyze841l","2026-07-08T09:50:17.548Z","success","info","schedule.triggered","system","system","System","schedule","core-heartbeat",,"schedule.triggered",
"cmrbwd1or0001pv8koeue52xx","2026-07-08T09:50:17.548Z","success","info","job.started","system","system","System","job","d68e4671-1261-4b06-a257-f4815f0d3d00",,"job.started",
"cmrbwd1id0000pv8km35qp8o4","2026-07-08T09:50:17.276Z","success","info","job.created","system","system","System","job","d68e4671-1261-4b06-a257-f4815f0d3d00",,"job.created",
"cmrbksgqy0002pv8o9y2yh0k8","2026-07-08T04:26:21.515Z","success","info","job.completed","system","system","System","job","43d00a90-d5c4-4797-abfa-40cbc7854e14",,"job.completed",
"cmrbksgrm0003pv8ozi99je7b","2026-07-08T04:26:21.508Z","success","info","schedule.triggered","system","system","System","schedule","core-heartbeat",,"schedule.triggered",
"cmrbksgqr0001pv8oq9a3nq8n","2026-07-08T04:26:21.508Z","success","info","job.started","system","system","System","job","43d00a90-d5c4-4797-abfa-40cbc7854e14",,"job.started",
"cmrbksgke0000pv8oqxp7tfpy","2026-07-08T04:26:21.238Z","success","info","job.created","system","system","System","job","43d00a90-d5c4-4797-abfa-40cbc7854e14",,"job.created",
"cmraxm6p00003pvr8ux7jfbom","2026-07-07T17:37:37.381Z","success","info","job.completed","system","system","System","job","d8397211-2d0b-4768-954e-70125d66ecb1",,"job.completed",
"cmraxm6ot0002pvr8nf4p5g62","2026-07-07T17:37:37.352Z","success","info","job.started","system","system","System","job","d8397211-2d0b-4768-954e-70125d66ecb1",,"job.started",
"cmraxm6o80001pvr899pbar9b","2026-07-07T17:37:37.352Z","success","info","schedule.triggered","system","system","System","schedule","core-heartbeat",,"schedule.triggered",
"cmraxm6ns0000pvr824w0g1zu","2026-07-07T17:37:37.336Z","success","info","job.created","system","system","System","job","d8397211-2d0b-4768-954e-70125d66ecb1",,"job.created",
"cmraxk263000bpv84aq4c52w1","2026-07-07T17:35:58.203Z","success","info","job.completed","system","system","System","job","2ce219d4-994b-4095-81d4-a84552a75798",,"job.completed",
"cmraxk25t000apv84cpscx4u0","2026-07-07T17:35:58.191Z","success","info","job.started","system","system","System","job","2ce219d4-994b-4095-81d4-a84552a75798",,"job.started",
"cmraxk25r0009pv84rux83ig7","2026-07-07T17:35:58.191Z","success","info","schedule.triggered","system","system","System","schedule","core-heartbeat",,"schedule.triggered",
"cmraxk25g0008pv84qggmi7ky","2026-07-07T17:35:58.179Z","success","info","job.created","system","system","System","job","2ce219d4-994b-4095-81d4-a84552a75798",,"job.created",
"cmraxirl40007pv84p76jnm0o","2026-07-07T17:34:57.832Z","success","info","job.completed","system","system","System","job","43676f85-6809-464c-9547-524e6e52f59e",,"job.completed",
"cmraxirkz0006pv84u8iu4izk","2026-07-07T17:34:57.825Z","success","info","job.started","system","system","System","job","43676f85-6809-464c-9547-524e6e52f59e",,"job.started",
"cmraxirkx0005pv84j1cdm1gd","2026-07-07T17:34:57.825Z","success","info","schedule.triggered","system","system","System","schedule","core-heartbeat",,"schedule.triggered",
"cmraxirkp0004pv84ia047uo9","2026-07-07T17:34:57.535Z","success","info","job.created","system","system","System","job","43676f85-6809-464c-9547-524e6e52f59e",,"job.created",
"cmraxhgxz0003pv84nb1ihhsk","2026-07-07T17:33:57.383Z","success","info","job.completed","system","system","System","job","6e313a47-3815-4efb-a510-bb1a636f0282",,"job.completed",
"cmraxhgxq0002pv843juejviy","2026-07-07T17:33:57.346Z","success","info","job.started","system","system","System","job","6e313a47-3815-4efb-a510-bb1a636f0282",,"job.started",
"cmraxhgwy0001pv84cmmv1gd3","2026-07-07T17:33:57.346Z","success","info","schedule.triggered","system","system","System","schedule","core-heartbeat",,"schedule.triggered",
"cmraxhgo80000pv84ffguzfzd","2026-07-07T17:33:56.985Z","success","info","job.created","system","system","System","job","6e313a47-3815-4efb-a510-bb1a636f0282",,"job.created",
"cmra5tvv6000fpv5064eux7zb","2026-07-07T04:39:47.346Z","success","info","job.completed","system","system","System","job","6962a15f-13d0-4bec-80bd-0afc6ef22c07",,"job.completed",
"cmra5tvv1000epv504rl2w9tv","2026-07-07T04:39:47.340Z","success","info","schedule.triggered","system","system","System","schedule","core-heartbeat",,"schedule.triggered",
"cmra5tvv0000dpv50iq34lnpl","2026-07-07T04:39:47.340Z","success","info","job.started","system","system","System","job","6962a15f-13d0-4bec-80bd-0afc6ef22c07",,"job.started",
"cmra5tvuu000cpv50ha043akx","2026-07-07T04:39:47.333Z","success","info","job.created","system","system","System","job","6962a15f-13d0-4bec-80bd-0afc6ef22c07",,"job.created",
"cmra5sl45000bpv50w8hzlvki","2026-07-07T04:38:46.758Z","success","info","job.completed","system","system","System","job","202cf476-b855-4e98-bcf0-7899d8456e9a",,"job.completed",
"cmra5sl40000apv50laexmcbi","2026-07-07T04:38:46.751Z","success","info","schedule.triggered","system","system","System","schedule","core-heartbeat",,"schedule.triggered",
"cmra5sl3y0009pv50gnn5vyf4","2026-07-07T04:38:46.751Z","success","info","job.started","system","system","System","job","202cf476-b855-4e98-bcf0-7899d8456e9a",,"job.started",
"cmra5sl3q0008pv502v9jwvvb","2026-07-07T04:38:46.741Z","success","info","job.created","system","system","System","job","202cf476-b855-4e98-bcf0-7899d8456e9a",,"job.created",
"cmra5radz0007pv50514x963u","2026-07-07T04:37:46.200Z","success","info","job.completed","system","system","System","job","4210e22b-2db8-4a79-9457-5743bb57d8c6",,"job.completed",
"cmra5radv0006pv50fbfetuv7","2026-07-07T04:37:46.193Z","success","info","schedule.triggered","system","system","System","schedule","core-heartbeat",,"schedule.triggered",
"cmra5radt0005pv5035yur0xq","2026-07-07T04:37:46.193Z","success","info","job.started","system","system","System","job","4210e22b-2db8-4a79-9457-5743bb57d8c6",,"job.started",
"cmra5radb0004pv502zjgdo08","2026-07-07T04:37:46.170Z","success","info","job.created","system","system","System","job","4210e22b-2db8-4a79-9457-5743bb57d8c6",,"job.created",
"cmra5q0i90002pv50oq930mpf","2026-07-07T04:36:46.737Z","success","info","job.completed","system","system","System","job","ea2ed51e-1bfb-412c-9860-01ddde8a4bf4",,"job.completed",
"cmra5q0j60003pv50lpsz2uv3","2026-07-07T04:36:46.721Z","success","info","schedule.triggered","system","system","System","schedule","core-heartbeat",,"schedule.triggered",
"cmra5q0hs0001pv5036mtora3","2026-07-07T04:36:46.721Z","success","info","job.started","system","system","System","job","ea2ed51e-1bfb-412c-9860-01ddde8a4bf4",,"job.started",
"cmra5q09s0000pv50gcxceduk","2026-07-07T04:36:46.378Z","success","info","job.created","system","system","System","job","ea2ed51e-1bfb-412c-9860-01ddde8a4bf4",,"job.created",
"cmr7gibix02h3pvw8xge55l6g","2026-07-05T07:15:25.017Z","success","info","job.completed","system","system","System","job","730782a5-882c-4ed8-8671-f5be4b4b968f",,"job.completed",
"cmr7gibit02h2pvw8i04oyqbi","2026-07-05T07:15:25.012Z","success","info","schedule.triggered","system","system","System","schedule","core-heartbeat",,"schedule.triggered",
"cmr7gibis02h1pvw8wx7xr4tm","2026-07-05T07:15:25.012Z","success","info","job.started","system","system","System","job","730782a5-882c-4ed8-8671-f5be4b4b968f",,"job.started",
"cmr7gibil02h0pvw8pwypwz2h","2026-07-05T07:15:25.004Z","success","info","job.created","system","system","System","job","730782a5-882c-4ed8-8671-f5be4b4b968f",,"job.created",
"cmr7gh0tk02gypvw85b4v61aw","2026-07-05T07:14:24.489Z","success","info","job.completed","system","system","System","job","6e88226d-6635-48a1-9a81-9d5c16a01802",,"job.completed",
"cmr7gh0ty02gzpvw8wsyc6929","2026-07-05T07:14:24.485Z","success","info","schedule.triggered","system","system","System","schedule","core-heartbeat",,"schedule.triggered",
"cmr7gh0tg02gxpvw8w3clgime","2026-07-05T07:14:24.485Z","success","info","job.started","system","system","System","job","6e88226d-6635-48a1-9a81-9d5c16a01802",,"job.started",
"cmr7gh0t502gwpvw875xf6enk","2026-07-05T07:14:24.442Z","success","info","job.created","system","system","System","job","6e88226d-6635-48a1-9a81-9d5c16a01802",,"job.created",
"cmr7gfq2m02gvpvw8vn489fy7","2026-07-05T07:13:23.902Z","success","info","job.completed","system","system","System","job","c68e5e53-5eae-409e-b200-954e5e0d098d",,"job.completed",
"cmr7gfq2i02gtpvw8sdc63p80","2026-07-05T07:13:23.898Z","success","info","job.started","system","system","System","job","c68e5e53-5eae-409e-b200-954e5e0d098d",,"job.started",
"cmr7gfq2j02gupvw82jhs36hb","2026-07-05T07:13:23.898Z","success","info","schedule.triggered","system","system","System","schedule","core-heartbeat",,"schedule.triggered",
"cmr7gfq2d02gspvw8li7apbuo","2026-07-05T07:13:23.892Z","success","info","job.created","system","system","System","job","c68e5e53-5eae-409e-b200-954e5e0d098d",,"job.created",
"cmr7gefc802grpvw8furf62dy","2026-07-05T07:12:23.337Z","success","info","job.completed","system","system","System","job","fc9f5e27-010d-4dc0-95fe-b252a0fdc31a",,"job.completed",
"cmr7gefc202gppvw814oy0b5e","2026-07-05T07:12:23.330Z","success","info","job.started","system","system","System","job","fc9f5e27-010d-4dc0-95fe-b252a0fdc31a",,"job.started",
"cmr7gefc302gqpvw8groo3uxh","2026-07-05T07:12:23.330Z","success","info","schedule.triggered","system","system","System","schedule","core-heartbeat",,"schedule.triggered",
"cmr7gefbj02gopvw88m11d1e7","2026-07-05T07:12:23.308Z","success","info","job.created","system","system","System","job","fc9f5e27-010d-4dc0-95fe-b252a0fdc31a",,"job.created",
"cmr7gd4mj02gnpvw8ndzkwx0o","2026-07-05T07:11:22.795Z","success","info","job.completed","system","system","System","job","863937b4-9833-4854-9b65-03b27eee7971",,"job.completed",
"cmr7gd4mb02glpvw8x6vs0nc1","2026-07-05T07:11:22.787Z","success","info","job.started","system","system","System","job","863937b4-9833-4854-9b65-03b27eee7971",,"job.started",
"cmr7gd4md02gmpvw8shii1hx1","2026-07-05T07:11:22.787Z","success","info","schedule.triggered","system","system","System","schedule","core-heartbeat",,"schedule.triggered",
"cmr7gd4lu02gkpvw84rds62us","2026-07-05T07:11:22.766Z","success","info","job.created","system","system","System","job","863937b4-9833-4854-9b65-03b27eee7971",,"job.created",
"cmr7gbtw702gjpvw8s3syg9e2","2026-07-05T07:10:22.231Z","success","info","job.completed","system","system","System","job","96c33a6e-2aef-4aa0-9204-645ecf32cf7a",,"job.completed",
"cmr7gbtw202gipvw8sdw7r5qa","2026-07-05T07:10:22.226Z","success","info","schedule.triggered","system","system","System","schedule","core-heartbeat",,"schedule.triggered",
"cmr7gbtw202ghpvw8lw7xebde","2026-07-05T07:10:22.226Z","success","info","job.started","system","system","System","job","96c33a6e-2aef-4aa0-9204-645ecf32cf7a",,"job.started",
"cmr7gbtvx02ggpvw87ccikcx2","2026-07-05T07:10:22.220Z","success","info","job.created","system","system","System","job","96c33a6e-2aef-4aa0-9204-645ecf32cf7a",,"job.created",
"cmr7gaj7202gepvw8212c0vbh","2026-07-05T07:09:21.711Z","success","info","job.completed","system","system","System","job","5cba15fd-f4d2-4d62-973a-dc8d73a10328",,"job.completed",
"cmr7gaj7h02gfpvw8nwkzvrbs","2026-07-05T07:09:21.706Z","success","info","schedule.triggered","system","system","System","schedule","core-heartbeat",,"schedule.triggered",
"cmr7gaj6y02gdpvw883jyifh0","2026-07-05T07:09:21.706Z","success","info","job.started","system","system","System","job","5cba15fd-f4d2-4d62-973a-dc8d73a10328",,"job.started",
"cmr7gaj6o02gcpvw8a3rktva2","2026-07-05T07:09:21.675Z","success","info","job.created","system","system","System","job","5cba15fd-f4d2-4d62-973a-dc8d73a10328",,"job.created",
"cmr7g98hp02gbpvw8dzmm7jfw","2026-07-05T07:08:21.181Z","success","info","job.completed","system","system","System","job","f8a52e3c-c85f-49b0-bf9f-88c29d8d6ec9",,"job.completed",
"cmr7g98hl02gapvw8vx2t9d1t","2026-07-05T07:08:21.176Z","success","info","schedule.triggered","system","system","System","schedule","core-heartbeat",,"schedule.triggered",
"cmr7g98hk02g9pvw81gbgzjaz","2026-07-05T07:08:21.176Z","success","info","job.started","system","system","System","job","f8a52e3c-c85f-49b0-bf9f-88c29d8d6ec9",,"job.started",
"cmr7g98ha02g8pvw8jz3hz1lg","2026-07-05T07:08:21.165Z","success","info","job.created","system","system","System","job","f8a52e3c-c85f-49b0-bf9f-88c29d8d6ec9",,"job.created",
"cmr7g7xsn02g7pvw8hob9dltm","2026-07-05T07:07:20.663Z","success","info","job.completed","system","system","System","job","39d8793e-c8a1-402e-8a07-96166b82031b",,"job.completed",
"cmr7g7xsh02g6pvw84crc476e","2026-07-05T07:07:20.655Z","success","info","schedule.triggered","system","system","System","schedule","core-heartbeat",,"schedule.triggered",
"cmr7g7xsf02g5pvw8vo9dy0vn","2026-07-05T07:07:20.655Z","success","info","job.started","system","system","System","job","39d8793e-c8a1-402e-8a07-96166b82031b",,"job.started",
"cmr7g7xs202g4pvw805wse9ni","2026-07-05T07:07:20.640Z","success","info","job.created","system","system","System","job","39d8793e-c8a1-402e-8a07-96166b82031b",,"job.created",
"cmr7g6n0v02g3pvw8b6hjp10n","2026-07-05T07:06:20.048Z","success","info","job.completed","system","system","System","job","f4ea8302-5849-44e6-85a8-2110a092fafd",,"job.completed",
"cmr7g6n0r02g2pvw8at1uf2oj","2026-07-05T07:06:20.043Z","success","info","schedule.triggered","system","system","System","schedule","core-heartbeat",,"schedule.triggered",
"cmr7g6n0q02g1pvw87bm4vo8h","2026-07-05T07:06:20.043Z","success","info","job.started","system","system","System","job","f4ea8302-5849-44e6-85a8-2110a092fafd",,"job.started",
"cmr7g6n0k02g0pvw8s7weq75i","2026-07-05T07:06:20.035Z","success","info","job.created","system","system","System","job","f4ea8302-5849-44e6-85a8-2110a092fafd",,"job.created",
"cmr7g5cb602fzpvw8nv4fmfv5","2026-07-05T07:05:19.507Z","success","info","job.completed","system","system","System","job","577b2338-5f8b-47d1-add1-a50241aee4cc",,"job.completed",
"cmr7g5cb202fypvw8hyf86ri5","2026-07-05T07:05:19.501Z","success","info","schedule.triggered","system","system","System","schedule","core-heartbeat",,"schedule.triggered",
"cmr7g5cb102fxpvw8afh08wzm","2026-07-05T07:05:19.501Z","success","info","job.started","system","system","System","job","577b2338-5f8b-47d1-add1-a50241aee4cc",,"job.started",
"cmr7g5cau02fwpvw8pptiju9w","2026-07-05T07:05:19.494Z","success","info","job.created","system","system","System","job","577b2338-5f8b-47d1-add1-a50241aee4cc",,"job.created",
"cmr7g41n702fvpvw87tfbmcte","2026-07-05T07:04:19.027Z","success","info","job.completed","system","system","System","job","49d87f60-41cd-4842-b232-c41718855b59",,"job.completed",
"cmr7g41my02fupvw8gzwopsta","2026-07-05T07:04:18.989Z","success","info","job.started","system","system","System","job","49d87f60-41cd-4842-b232-c41718855b59",,"job.started",
"cmr7g41m502ftpvw8ochcwcxw","2026-07-05T07:04:18.989Z","success","info","schedule.triggered","system","system","System","schedule","core-heartbeat",,"schedule.triggered",
"cmr7g41lw02fspvw8px0spzgu","2026-07-05T07:04:18.958Z","success","info","job.created","system","system","System","job","49d87f60-41cd-4842-b232-c41718855b59",,"job.created",
"cmr7g2qw202frpvw84tqto9wz","2026-07-05T07:03:18.435Z","success","info","job.completed","system","system","System","job","c4d0b5be-d754-478f-9a7c-e7091fc3edc9",,"job.completed",
"cmr7g2qvz02fqpvw80yr7wku9","2026-07-05T07:03:18.429Z","success","info","schedule.triggered","system","system","System","schedule","core-heartbeat",,"schedule.triggered",
"cmr7g2qvx02fppvw88yjdhuix","2026-07-05T07:03:18.429Z","success","info","job.started","system","system","System","job","c4d0b5be-d754-478f-9a7c-e7091fc3edc9",,"job.started",
"cmr7g2qvq02fopvw8ugm1w4ci","2026-07-05T07:03:18.421Z","success","info","job.created","system","system","System","job","c4d0b5be-d754-478f-9a7c-e7091fc3edc9",,"job.created",
"cmr7g1g4s02fnpvw8mg6tfqi8","2026-07-05T07:02:17.837Z","success","info","job.completed","system","system","System","job","cd44e2ab-941f-4f6c-911f-75266ac0224f",,"job.completed",
"cmr7g1g4k02flpvw8amvbmwtv","2026-07-05T07:02:17.828Z","success","info","schedule.triggered","system","system","System","schedule","core-heartbeat",,"schedule.triggered",
"cmr7g1g4l02fmpvw8fmlu5bfp","2026-07-05T07:02:17.828Z","success","info","job.started","system","system","System","job","cd44e2ab-941f-4f6c-911f-75266ac0224f",,"job.started",
"cmr7g1g4d02fkpvw8xtugz35b","2026-07-05T07:02:17.820Z","success","info","job.created","system","system","System","job","cd44e2ab-941f-4f6c-911f-75266ac0224f",,"job.created",
"cmr7g05dk02fjpvw8f56zx597","2026-07-05T07:01:17.241Z","success","info","job.completed","system","system","System","job","0933fdf6-67b7-44f4-8a74-39e020a56846",,"job.completed",
"cmr7g05dh02fipvw8p7l71xz1","2026-07-05T07:01:17.236Z","success","info","job.started","system","system","System","job","0933fdf6-67b7-44f4-8a74-39e020a56846",,"job.started",
"cmr7g05dg02fhpvw87dqigt9i","2026-07-05T07:01:17.236Z","success","info","schedule.triggered","system","system","System","schedule","core-heartbeat",,"schedule.triggered",
"cmr7g05d902fgpvw8nf5y1urf","2026-07-05T07:01:17.228Z","success","info","job.created","system","system","System","job","0933fdf6-67b7-44f4-8a74-39e020a56846",,"job.created",
"cmr7fyuml02ffpvw8979raczz","2026-07-05T07:00:16.653Z","success","info","job.completed","system","system","System","job","db8a9c51-d2d1-410c-aa8a-2ec61e74cab1",,"job.completed",
"cmr7fyumi02fepvw8mjf7z8sg","2026-07-05T07:00:16.650Z","success","info","schedule.triggered","system","system","System","schedule","core-heartbeat",,"schedule.triggered",
"cmr7fyumh02fdpvw8f2d03741","2026-07-05T07:00:16.650Z","success","info","job.started","system","system","System","job","db8a9c51-d2d1-410c-aa8a-2ec61e74cab1",,"job.started",
"cmr7fyumc02fcpvw8r0a8i956","2026-07-05T07:00:16.643Z","success","info","job.created","system","system","System","job","db8a9c51-d2d1-410c-aa8a-2ec61e74cab1",,"job.created",
"cmr7fxjxd02fapvw8zyifs7dn","2026-07-05T06:59:16.130Z","success","info","job.completed","system","system","System","job","bfd7c5b5-2501-41ce-b5b6-a669bc8ed1f8",,"job.completed",
"cmr7fxjxr02fbpvw8oopcttqp","2026-07-05T06:59:16.126Z","success","info","schedule.triggered","system","system","System","schedule","core-heartbeat",,"schedule.triggered",
"cmr7fxjxa02f9pvw8304y2e3g","2026-07-05T06:59:16.126Z","success","info","job.started","system","system","System","job","bfd7c5b5-2501-41ce-b5b6-a669bc8ed1f8",,"job.started",
"cmr7fxjwp02f8pvw8sn26f6g7","2026-07-05T06:59:16.069Z","success","info","job.created","system","system","System","job","bfd7c5b5-2501-41ce-b5b6-a669bc8ed1f8",,"job.created",
"cmr7fw94v02f7pvw8jyhdnyjm","2026-07-05T06:58:15.487Z","success","info","job.completed","system","system","System","job","9cd86382-679b-4d0c-9ea3-260fd1e23e7d",,"job.completed",
"cmr7fw94n02f6pvw8j4ah9xjg","2026-07-05T06:58:15.479Z","success","info","job.started","system","system","System","job","9cd86382-679b-4d0c-9ea3-260fd1e23e7d",,"job.started",
"cmr7fw94m02f5pvw8cyj1fq41","2026-07-05T06:58:15.479Z","success","info","schedule.triggered","system","system","System","schedule","core-heartbeat",,"schedule.triggered",
"cmr7fw94d02f4pvw8eo797bcq","2026-07-05T06:58:15.468Z","success","info","job.created","system","system","System","job","9cd86382-679b-4d0c-9ea3-260fd1e23e7d",,"job.created",
"cmr7fuyee02f3pvw8o7vgkzhe","2026-07-05T06:57:14.919Z","success","info","job.completed","system","system","System","job","4c984d43-23f2-4b04-b741-c67f7a63db24",,"job.completed",
"cmr7fuyec02f2pvw8qwotb2y1","2026-07-05T06:57:14.915Z","success","info","schedule.triggered","system","system","System","schedule","core-heartbeat",,"schedule.triggered",
"cmr7fuyea02f1pvw8sorxokpc","2026-07-05T06:57:14.915Z","success","info","job.started","system","system","System","job","4c984d43-23f2-4b04-b741-c67f7a63db24",,"job.started",
"cmr7fuye202f0pvw8n1veyp23","2026-07-05T06:57:14.905Z","success","info","job.created","system","system","System","job","4c984d43-23f2-4b04-b741-c67f7a63db24",,"job.created",
"cmr7ftnna02ezpvw8q49extd6","2026-07-05T06:56:14.326Z","success","info","job.completed","system","system","System","job","00cbf677-8ef4-4218-af0b-873119040aaa",,"job.completed",
"cmr7ftnn302eypvw8hawnlf26","2026-07-05T06:56:14.316Z","success","info","schedule.triggered","system","system","System","schedule","core-heartbeat",,"schedule.triggered",
"cmr7ftnn002expvw8z0f0ypfo","2026-07-05T06:56:14.316Z","success","info","job.started","system","system","System","job","00cbf677-8ef4-4218-af0b-873119040aaa",,"job.started",
"cmr7ftnmn02ewpvw86fgdbdkf","2026-07-05T06:56:14.301Z","success","info","job.created","system","system","System","job","00cbf677-8ef4-4218-af0b-873119040aaa",,"job.created",
"cmr7fscw002evpvw891okuc2y","2026-07-05T06:55:13.728Z","success","info","job.completed","system","system","System","job","2bd25d89-6137-4933-a79a-7904071b75d5",,"job.completed",
"cmr7fscvw02eupvw8g96ukntj","2026-07-05T06:55:13.723Z","success","info","schedule.triggered","system","system","System","schedule","core-heartbeat",,"schedule.triggered",
"cmr7fscvu02etpvw8cfbkvmjh","2026-07-05T06:55:13.723Z","success","info","job.started","system","system","System","job","2bd25d89-6137-4933-a79a-7904071b75d5",,"job.started",
"cmr7fscvn02espvw8pss7hmam","2026-07-05T06:55:13.715Z","success","info","job.created","system","system","System","job","2bd25d89-6137-4933-a79a-7904071b75d5",,"job.created",
"cmr7fr24q02erpvw81y65pb8z","2026-07-05T06:54:13.130Z","success","info","job.completed","system","system","System","job","e03cf5c2-fa0c-41bf-aed3-91163dd8c352",,"job.completed",
"cmr7fr24l02eqpvw8s1bgx711","2026-07-05T06:54:13.108Z","success","info","job.started","system","system","System","job","e03cf5c2-fa0c-41bf-aed3-91163dd8c352",,"job.started",
"cmr7fr24402eppvw8aky7lesm","2026-07-05T06:54:13.108Z","success","info","schedule.triggered","system","system","System","schedule","core-heartbeat",,"schedule.triggered",
"cmr7fr23x02eopvw84aq0btq0","2026-07-05T06:54:13.077Z","success","info","job.created","system","system","System","job","e03cf5c2-fa0c-41bf-aed3-91163dd8c352",,"job.created",
"cmr7fprbg02enpvw8pb5tgqug","2026-07-05T06:53:12.461Z","success","info","job.completed","system","system","System","job","0311b77f-0127-4f1d-aaf6-ac04637f5234",,"job.completed",
"cmr7fprbc02elpvw8phe5i8hr","2026-07-05T06:53:12.456Z","success","info","schedule.triggered","system","system","System","schedule","core-heartbeat",,"schedule.triggered",
"cmr7fprbd02empvw84ek2d920","2026-07-05T06:53:12.456Z","success","info","job.started","system","system","System","job","0311b77f-0127-4f1d-aaf6-ac04637f5234",,"job.started",
"cmr7fprb502ekpvw85k5ky28e","2026-07-05T06:53:12.448Z","success","info","job.created","system","system","System","job","0311b77f-0127-4f1d-aaf6-ac04637f5234",,"job.created",
"cmr7fogk402ejpvw8h1pi75qs","2026-07-05T06:52:11.860Z","success","info","job.completed","system","system","System","job","49a96f71-d98a-433e-8605-fd1c234256e0",,"job.completed",
"cmr7fogk102eipvw84jmek31y","2026-07-05T06:52:11.857Z","success","info","schedule.triggered","system","system","System","schedule","core-heartbeat",,"schedule.triggered",
"cmr7fogk002ehpvw8xlwzmmd4","2026-07-05T06:52:11.857Z","success","info","job.started","system","system","System","job","49a96f71-d98a-433e-8605-fd1c234256e0",,"job.started",
"cmr7fogjw02egpvw8gg3qn389","2026-07-05T06:52:11.851Z","success","info","job.created","system","system","System","job","49a96f71-d98a-433e-8605-fd1c234256e0",,"job.created",
"cmr7fn5rx02efpvw8scqybo2i","2026-07-05T06:51:11.229Z","success","info","job.completed","system","system","System","job","a1581ee5-f718-433f-8cd3-718ed535fcb3",,"job.completed",
"cmr7fn5rt02eepvw8pfmxoexl","2026-07-05T06:51:11.224Z","success","info","schedule.triggered","system","system","System","schedule","core-heartbeat",,"schedule.triggered",
"cmr7fn5rs02edpvw8fg8jus3d","2026-07-05T06:51:11.224Z","success","info","job.started","system","system","System","job","a1581ee5-f718-433f-8cd3-718ed535fcb3",,"job.started",
"cmr7fn5rn02ecpvw8hf6m6ch1","2026-07-05T06:51:11.218Z","success","info","job.created","system","system","System","job","a1581ee5-f718-433f-8cd3-718ed535fcb3",,"job.created",
"cmr7flv0m02ebpvw8r13a458g","2026-07-05T06:50:10.630Z","success","info","job.completed","system","system","System","job","e856a139-8883-492b-b34b-5b2a5566660b",,"job.completed",
"cmr7flv0h02eapvw8375903qh","2026-07-05T06:50:10.625Z","success","info","schedule.triggered","system","system","System","schedule","core-heartbeat",,"schedule.triggered",
"cmr7flv0g02e9pvw8t745w4so","2026-07-05T06:50:10.625Z","success","info","job.started","system","system","System","job","e856a139-8883-492b-b34b-5b2a5566660b",,"job.started",
"cmr7flv0602e8pvw83xa4ldvj","2026-07-05T06:50:10.613Z","success","info","job.created","system","system","System","job","e856a139-8883-492b-b34b-5b2a5566660b",,"job.created",
"cmr7fkkay02e6pvw877uc8s4p","2026-07-05T06:49:10.091Z","success","info","job.completed","system","system","System","job","bff8dd43-917b-4b8b-a362-8b34e139626b",,"job.completed",
"cmr7fkkau02e5pvw8k2g8onl5","2026-07-05T06:49:10.087Z","success","info","job.started","system","system","System","job","bff8dd43-917b-4b8b-a362-8b34e139626b",,"job.started",
"cmr7fkkbc02e7pvw8c7csq323","2026-07-05T06:49:10.087Z","success","info","schedule.triggered","system","system","System","schedule","core-heartbeat",,"schedule.triggered",
"cmr7fkkaj02e4pvw8rlbvrcex","2026-07-05T06:49:10.036Z","success","info","job.created","system","system","System","job","bff8dd43-917b-4b8b-a362-8b34e139626b",,"job.created",
"cmr7fj9io02e3pvw82hdpnxp7","2026-07-05T06:48:09.456Z","success","info","job.completed","system","system","System","job","e9703eac-68ca-4afc-b8a6-dfa209ae0011",,"job.completed",
"cmr7fj9ii02e1pvw8q3ha56kb","2026-07-05T06:48:09.450Z","success","info","schedule.triggered","system","system","System","schedule","core-heartbeat",,"schedule.triggered",
"cmr7fj9ij02e2pvw84vwy7416","2026-07-05T06:48:09.450Z","success","info","job.started","system","system","System","job","e9703eac-68ca-4afc-b8a6-dfa209ae0011",,"job.started",
"cmr7fj9ib02e0pvw8giba77fc","2026-07-05T06:48:09.442Z","success","info","job.created","system","system","System","job","e9703eac-68ca-4afc-b8a6-dfa209ae0011",,"job.created",
"cmr7fhyro02dzpvw8s482n2wu","2026-07-05T06:47:08.869Z","success","info","job.completed","system","system","System","job","a470c5a7-d73f-4c45-9b33-fa5df207ee5d",,"job.completed",
"cmr7fhyrf02dypvw8ignsi7ye","2026-07-05T06:47:08.858Z","success","info","job.started","system","system","System","job","a470c5a7-d73f-4c45-9b33-fa5df207ee5d",,"job.started",
"cmr7fhyre02dxpvw8690ls07s","2026-07-05T06:47:08.858Z","success","info","schedule.triggered","system","system","System","schedule","core-heartbeat",,"schedule.triggered",
"cmr7fhyr602dwpvw8guqs86ub","2026-07-05T06:47:08.849Z","success","info","job.created","system","system","System","job","a470c5a7-d73f-4c45-9b33-fa5df207ee5d",,"job.created",
"cmr7fgo0702dvpvw8cd5isydu","2026-07-05T06:46:08.263Z","success","info","job.completed","system","system","System","job","067b9fa9-8d10-4baf-ac7b-17b91dcd081f",,"job.completed",
"cmr7fgo0302dtpvw84iuq9n8x","2026-07-05T06:46:08.260Z","success","info","job.started","system","system","System","job","067b9fa9-8d10-4baf-ac7b-17b91dcd081f",,"job.started",
"cmr7fgo0402dupvw8k255nxz7","2026-07-05T06:46:08.260Z","success","info","schedule.triggered","system","system","System","schedule","core-heartbeat",,"schedule.triggered",
"cmr7fgnzz02dspvw8fpo0ruzv","2026-07-05T06:46:08.255Z","success","info","job.created","system","system","System","job","067b9fa9-8d10-4baf-ac7b-17b91dcd081f",,"job.created",
"cmr7ffd9c02drpvw8pst3wxso","2026-07-05T06:45:07.680Z","success","info","job.completed","system","system","System","job","402b5546-7803-4262-9871-79258e0ce961",,"job.completed",
"cmr7ffd9602dppvw8hqgm1e1w","2026-07-05T06:45:07.675Z","success","info","job.started","system","system","System","job","402b5546-7803-4262-9871-79258e0ce961",,"job.started",
"cmr7ffd9702dqpvw860a1wrtg","2026-07-05T06:45:07.675Z","success","info","schedule.triggered","system","system","System","schedule","core-heartbeat",,"schedule.triggered",
"cmr7ffd9002dopvw8m9ytkn38","2026-07-05T06:45:07.668Z","success","info","job.created","system","system","System","job","402b5546-7803-4262-9871-79258e0ce961",,"job.created",
"cmr7fe2hu02dmpvw8y7v3ruf8","2026-07-05T06:44:07.074Z","success","info","job.completed","system","system","System","job","e5849639-12b3-4c73-bad0-1d388423c932",,"job.completed",
"cmr7fe2ic02dnpvw8dj5auepk","2026-07-05T06:44:07.070Z","success","info","schedule.triggered","system","system","System","schedule","core-heartbeat",,"schedule.triggered",
"cmr7fe2hq02dlpvw8zmrpu515","2026-07-05T06:44:07.070Z","success","info","job.started","system","system","System","job","e5849639-12b3-4c73-bad0-1d388423c932",,"job.started",
"cmr7fe2hj02dkpvw8k77i3fe2","2026-07-05T06:44:07.044Z","success","info","job.created","system","system","System","job","e5849639-12b3-4c73-bad0-1d388423c932",,"job.created",
"cmr7fcrpw02djpvw891s5s6k7","2026-07-05T06:43:06.452Z","success","info","job.completed","system","system","System","job","7415ab23-76d6-414e-a922-6e4a53ee0d19",,"job.completed",
"cmr7fcrps02dipvw8wiqls9n0","2026-07-05T06:43:06.447Z","success","info","job.started","system","system","System","job","7415ab23-76d6-414e-a922-6e4a53ee0d19",,"job.started",
"cmr7fcrpr02dhpvw8zekfzg6a","2026-07-05T06:43:06.447Z","success","info","schedule.triggered","system","system","System","schedule","core-heartbeat",,"schedule.triggered",
"cmr7fcrpk02dgpvw8czzfs8ej","2026-07-05T06:43:06.439Z","success","info","job.created","system","system","System","job","7415ab23-76d6-414e-a922-6e4a53ee0d19",,"job.created",
"cmr7fbgy402dfpvw87mkcgj51","2026-07-05T06:42:05.837Z","success","info","job.completed","system","system","System","job","7dce2a2b-8263-47b4-961f-6aba7167b74b",,"job.completed",
"cmr7fbgy202depvw8km54tvj1","2026-07-05T06:42:05.833Z","success","info","schedule.triggered","system","system","System","schedule","core-heartbeat",,"schedule.triggered",
"cmr7fbgy102ddpvw82v93lxo4","2026-07-05T06:42:05.833Z","success","info","job.started","system","system","System","job","7dce2a2b-8263-47b4-961f-6aba7167b74b",,"job.started",
"cmr7fbgxw02dcpvw8l8j9so1o","2026-07-05T06:42:05.828Z","success","info","job.created","system","system","System","job","7dce2a2b-8263-47b4-961f-6aba7167b74b",,"job.created",
"cmr7fa66e02dbpvw8mxby9iyv","2026-07-05T06:41:05.223Z","success","info","job.completed","system","system","System","job","0801f931-fbf9-471c-b80e-8916d1e52def",,"job.completed",
"cmr7fa66b02dapvw81c75k58s","2026-07-05T06:41:05.219Z","success","info","schedule.triggered","system","system","System","schedule","core-heartbeat",,"schedule.triggered",
"cmr7fa66a02d9pvw8lpi1jj5b","2026-07-05T06:41:05.219Z","success","info","job.started","system","system","System","job","0801f931-fbf9-471c-b80e-8916d1e52def",,"job.started",
"cmr7fa66502d8pvw8nj6lfcfz","2026-07-05T06:41:05.213Z","success","info","job.created","system","system","System","job","0801f931-fbf9-471c-b80e-8916d1e52def",,"job.created",
"cmr7f8vey02d7pvw8ig0f2qhu","2026-07-05T06:40:04.618Z","success","info","job.completed","system","system","System","job","ebe7be53-0c0e-46c0-a16c-b1e06bc3eeac",,"job.completed",
"cmr7f8vep02d6pvw8e4qz50mf","2026-07-05T06:40:04.608Z","success","info","schedule.triggered","system","system","System","schedule","core-heartbeat",,"schedule.triggered",
"cmr7f8ven02d5pvw82aj2n6o5","2026-07-05T06:40:04.608Z","success","info","job.started","system","system","System","job","ebe7be53-0c0e-46c0-a16c-b1e06bc3eeac",,"job.started",
"cmr7f8veb02d4pvw88fx9izwd","2026-07-05T06:40:04.593Z","success","info","job.created","system","system","System","job","ebe7be53-0c0e-46c0-a16c-b1e06bc3eeac",,"job.created",
"cmr7f7kno02d3pvw8rc0ql5fr","2026-07-05T06:39:04.020Z","success","info","job.completed","system","system","System","job","507a52d2-f555-4841-b550-a7fa8fd1e881",,"job.completed",
"cmr7f7kni02d2pvw81znz0hfy","2026-07-05T06:39:03.995Z","success","info","job.started","system","system","System","job","507a52d2-f555-4841-b550-a7fa8fd1e881",,"job.started",
"cmr7f7kmy02d1pvw85ur5hown","2026-07-05T06:39:03.995Z","success","info","schedule.triggered","system","system","System","schedule","core-heartbeat",,"schedule.triggered",
"cmr7f7kmn02d0pvw802bywx2i","2026-07-05T06:39:03.962Z","success","info","job.created","system","system","System","job","507a52d2-f555-4841-b550-a7fa8fd1e881",,"job.created",
"cmr7f69ur02czpvw8hvffm27o","2026-07-05T06:38:03.364Z","success","info","job.completed","system","system","System","job","8b9a7701-1de3-4ffd-b267-acce33beef1b",,"job.completed",
"cmr7f69un02cypvw80o0p9bsq","2026-07-05T06:38:03.358Z","success","info","schedule.triggered","system","system","System","schedule","core-heartbeat",,"schedule.triggered",
"cmr7f69um02cxpvw8rhdzspfx","2026-07-05T06:38:03.358Z","success","info","job.started","system","system","System","job","8b9a7701-1de3-4ffd-b267-acce33beef1b",,"job.started",
"cmr7f69ug02cwpvw8x43qi9lv","2026-07-05T06:38:03.351Z","success","info","job.created","system","system","System","job","8b9a7701-1de3-4ffd-b267-acce33beef1b",,"job.created",
"cmr7f4z2n02cvpvw83ngr6na2","2026-07-05T06:37:02.736Z","success","info","job.completed","system","system","System","job","11ac37c5-84ca-4e8b-ae14-ef83520e7bbc",,"job.completed",
"cmr7f4z2e02ctpvw8hx242fmg","2026-07-05T06:37:02.727Z","success","info","schedule.triggered","system","system","System","schedule","core-heartbeat",,"schedule.triggered",
"cmr7f4z2f02cupvw8zz93v8gc","2026-07-05T06:37:02.727Z","success","info","job.started","system","system","System","job","11ac37c5-84ca-4e8b-ae14-ef83520e7bbc",,"job.started",
"cmr7f4z2802cspvw8klvp70hz","2026-07-05T06:37:02.719Z","success","info","job.created","system","system","System","job","11ac37c5-84ca-4e8b-ae14-ef83520e7bbc",,"job.created",
"cmr7f3ob402crpvw83qp275le","2026-07-05T06:36:02.129Z","success","info","job.completed","system","system","System","job","d4b8b4c4-9832-4539-857b-e6506e9025aa",,"job.completed",
"cmr7f3oaw02cqpvw8b6ien1lx","2026-07-05T06:36:02.120Z","success","info","job.started","system","system","System","job","d4b8b4c4-9832-4539-857b-e6506e9025aa",,"job.started",
"cmr7f3oav02cppvw8f080453s","2026-07-05T06:36:02.120Z","success","info","schedule.triggered","system","system","System","schedule","core-heartbeat",,"schedule.triggered",
"cmr7f3oan02copvw8hk7f43y1","2026-07-05T06:36:02.111Z","success","info","job.created","system","system","System","job","d4b8b4c4-9832-4539-857b-e6506e9025aa",,"job.created",
"cmr7f2dkg02cnpvw8tje41rtm","2026-07-05T06:35:01.552Z","success","info","job.completed","system","system","System","job","40152e12-cb14-4c1d-9135-5314381ef00d",,"job.completed",
"cmr7f2dk702clpvw8nfj88lpa","2026-07-05T06:35:01.543Z","success","info","schedule.triggered","system","system","System","schedule","core-heartbeat",,"schedule.triggered",
"cmr7f2dk902cmpvw8dt9w6p57","2026-07-05T06:35:01.543Z","success","info","job.started","system","system","System","job","40152e12-cb14-4c1d-9135-5314381ef00d",,"job.started",
"cmr7f2djx02ckpvw8gddvtq29","2026-07-05T06:35:01.532Z","success","info","job.created","system","system","System","job","40152e12-cb14-4c1d-9135-5314381ef00d",,"job.created",
"cmr7f12tx02cipvw8pdbey3gl","2026-07-05T06:34:00.981Z","success","info","job.completed","system","system","System","job","9f8fe625-b5fd-4d38-be3f-7a6f3676925f",,"job.completed",
"cmr7f12ub02cjpvw88v2kzr65","2026-07-05T06:34:00.976Z","success","info","schedule.triggered","system","system","System","schedule","core-heartbeat",,"schedule.triggered",
"cmr7f12ts02chpvw80tllxiuy","2026-07-05T06:34:00.976Z","success","info","job.started","system","system","System","job","9f8fe625-b5fd-4d38-be3f-7a6f3676925f",,"job.started",
"cmr7f12tg02cgpvw8a4pjcdb5","2026-07-05T06:34:00.942Z","success","info","job.created","system","system","System","job","9f8fe625-b5fd-4d38-be3f-7a6f3676925f",,"job.created",
"cmr7ezs1q02cfpvw8ju9hqx43","2026-07-05T06:33:00.350Z","success","info","job.completed","system","system","System","job","3649d2ba-2af4-473e-84f4-ddd03ce91c7d",,"job.completed",
"cmr7ezs1l02cdpvw8yr8bfu7c","2026-07-05T06:33:00.345Z","success","info","job.started","system","system","System","job","3649d2ba-2af4-473e-84f4-ddd03ce91c7d",,"job.started",
"cmr7ezs1m02cepvw8lkc6un3b","2026-07-05T06:33:00.345Z","success","info","schedule.triggered","system","system","System","schedule","core-heartbeat",,"schedule.triggered",
"cmr7ezs1g02ccpvw8dhvsqn2d","2026-07-05T06:33:00.339Z","success","info","job.created","system","system","System","job","3649d2ba-2af4-473e-84f4-ddd03ce91c7d",,"job.created",
"cmr7eyhaa02cbpvw8yx10qj87","2026-07-05T06:31:59.747Z","success","info","job.completed","system","system","System","job","62d38123-dbcc-4940-a46b-f946e84a5f76",,"job.completed",
"cmr7eyha302capvw8inikhjoi","2026-07-05T06:31:59.738Z","success","info","job.started","system","system","System","job","62d38123-dbcc-4940-a46b-f946e84a5f76",,"job.started",
"cmr7eyha202c9pvw8spaijxhi","2026-07-05T06:31:59.738Z","success","info","schedule.triggered","system","system","System","schedule","core-heartbeat",,"schedule.triggered",
"cmr7eyh9u02c8pvw8bi8aayrz","2026-07-05T06:31:59.729Z","success","info","job.created","system","system","System","job","62d38123-dbcc-4940-a46b-f946e84a5f76",,"job.created",
"cmr7ex6j802c7pvw89w2davp0","2026-07-05T06:30:59.157Z","success","info","job.completed","system","system","System","job","d4bcb537-f07d-40d8-9e5a-db9a259e5fc1",,"job.completed",
"cmr7ex6j102c6pvw8nn5hzyz6","2026-07-05T06:30:59.147Z","success","info","schedule.triggered","system","system","System","schedule","core-heartbeat",,"schedule.triggered",
"cmr7ex6iy02c5pvw8tsdsdiqc","2026-07-05T06:30:59.146Z","success","info","job.started","system","system","System","job","d4bcb537-f07d-40d8-9e5a-db9a259e5fc1",,"job.started",
"cmr7ex6ij02c4pvw8ktv02bhp","2026-07-05T06:30:59.128Z","success","info","job.created","system","system","System","job","d4bcb537-f07d-40d8-9e5a-db9a259e5fc1",,"job.created",
"cmr7evvr602c3pvw8vl7rq9fo","2026-07-05T06:29:58.530Z","success","info","job.completed","system","system","System","job","75e8497f-ec93-4fde-9068-b8482c9faeff",,"job.completed",
"cmr7evvr302c2pvw8dxcui4ee","2026-07-05T06:29:58.527Z","success","info","schedule.triggered","system","system","System","schedule","core-heartbeat",,"schedule.triggered",
"cmr7evvr202c1pvw80z8m8umz","2026-07-05T06:29:58.527Z","success","info","job.started","system","system","System","job","75e8497f-ec93-4fde-9068-b8482c9faeff",,"job.started",
"cmr7evvqu02c0pvw8flshzm70","2026-07-05T06:29:58.518Z","success","info","job.created","system","system","System","job","75e8497f-ec93-4fde-9068-b8482c9faeff",,"job.created",
"cmr7eul0v02bypvw8llrmb2e4","2026-07-05T06:28:57.968Z","success","info","job.completed","system","system","System","job","9cd22958-cb8a-44bb-8a26-c1eb66a058be",,"job.completed",
"cmr7eul1b02bzpvw8cq4shc1m","2026-07-05T06:28:57.962Z","success","info","schedule.triggered","system","system","System","schedule","core-heartbeat",,"schedule.triggered",
"cmr7eul0q02bxpvw8my4ce2bl","2026-07-05T06:28:57.962Z","success","info","job.started","system","system","System","job","9cd22958-cb8a-44bb-8a26-c1eb66a058be",,"job.started",
"cmr7eul0j02bwpvw8dh59bs5a","2026-07-05T06:28:57.935Z","success","info","job.created","system","system","System","job","9cd22958-cb8a-44bb-8a26-c1eb66a058be",,"job.created",
"cmr7eta8m02bvpvw8ivxbp55n","2026-07-05T06:27:57.334Z","success","info","job.completed","system","system","System","job","3695a4da-a92f-434e-8a4c-8da5f1888dfc",,"job.completed",
"cmr7eta8h02bupvw819n9x8kk","2026-07-05T06:27:57.327Z","success","info","job.started","system","system","System","job","3695a4da-a92f-434e-8a4c-8da5f1888dfc",,"job.started",
"cmr7eta8f02btpvw8dgx4t8p7","2026-07-05T06:27:57.327Z","success","info","schedule.triggered","system","system","System","schedule","core-heartbeat",,"schedule.triggered",
"cmr7eta8502bspvw826p5uivu","2026-07-05T06:27:57.314Z","success","info","job.created","system","system","System","job","3695a4da-a92f-434e-8a4c-8da5f1888dfc",,"job.created",
"cmr7erzgn02brpvw8lf8ks4wl","2026-07-05T06:26:56.712Z","success","info","job.completed","system","system","System","job","aa3021a7-5d93-4933-a172-0d1d98f32035",,"job.completed",
"cmr7erzgl02bppvw88c7ntkaz","2026-07-05T06:26:56.709Z","success","info","job.started","system","system","System","job","aa3021a7-5d93-4933-a172-0d1d98f32035",,"job.started",
"cmr7erzgl02bqpvw8o5epzi84","2026-07-05T06:26:56.709Z","success","info","schedule.triggered","system","system","System","schedule","core-heartbeat",,"schedule.triggered",
"cmr7erzgh02bopvw8mjmf8sp7","2026-07-05T06:26:56.704Z","success","info","job.created","system","system","System","job","aa3021a7-5d93-4933-a172-0d1d98f32035",,"job.created",
"cmr7eqoqj02bnpvw80dvjorxe","2026-07-05T06:25:56.156Z","success","info","job.completed","system","system","System","job","ed95fde3-873f-4b30-8dd4-17e7a42f4705",,"job.completed",
"cmr7eqoqf02blpvw8tpci8oj4","2026-07-05T06:25:56.151Z","success","info","job.started","system","system","System","job","ed95fde3-873f-4b30-8dd4-17e7a42f4705",,"job.started",
"cmr7eqoqg02bmpvw80l7vmexa","2026-07-05T06:25:56.151Z","success","info","schedule.triggered","system","system","System","schedule","core-heartbeat",,"schedule.triggered",
"cmr7eqoq902bkpvw8nsb2sen9","2026-07-05T06:25:56.144Z","success","info","job.created","system","system","System","job","ed95fde3-873f-4b30-8dd4-17e7a42f4705",,"job.created",
"cmr7epe0b02bjpvw83wfd5an5","2026-07-05T06:24:55.596Z","success","info","job.completed","system","system","System","job","8aa1acf6-b086-4959-9b1f-e9d05cc77bff",,"job.completed",
"cmr7epe0602bhpvw8nabqi0zp","2026-07-05T06:24:55.590Z","success","info","job.started","system","system","System","job","8aa1acf6-b086-4959-9b1f-e9d05cc77bff",,"job.started",
"cmr7epe0702bipvw82egmtfys","2026-07-05T06:24:55.590Z","success","info","schedule.triggered","system","system","System","schedule","core-heartbeat",,"schedule.triggered",
"cmr7epdzz02bgpvw8ow1qht0c","2026-07-05T06:24:55.583Z","success","info","job.created","system","system","System","job","8aa1acf6-b086-4959-9b1f-e9d05cc77bff",,"job.created",
"cmr7eo3ak02bfpvw84bn58vzv","2026-07-05T06:23:55.052Z","success","info","job.completed","system","system","System","job","cba86d1e-0e40-4f8d-8fbd-d9f3611e7078",,"job.completed",
"cmr7eo39x02bdpvw85sh5iphl","2026-07-05T06:23:55.030Z","success","info","schedule.triggered","system","system","System","schedule","core-heartbeat",,"schedule.triggered",
"cmr7eo3af02bepvw8lgmwuw0f","2026-07-05T06:23:55.030Z","success","info","job.started","system","system","System","job","cba86d1e-0e40-4f8d-8fbd-d9f3611e7078",,"job.started",
"cmr7eo39j02bcpvw8i98gg05g","2026-07-05T06:23:54.995Z","success","info","job.created","system","system","System","job","cba86d1e-0e40-4f8d-8fbd-d9f3611e7078",,"job.created",
"cmr7emshm02bbpvw87csn9bok","2026-07-05T06:22:54.394Z","success","info","job.completed","system","system","System","job","ff6261c4-cef2-4620-8ccd-a8eecf6a9a7e",,"job.completed",
"cmr7emshe02b9pvw8xk2uq862","2026-07-05T06:22:54.386Z","success","info","schedule.triggered","system","system","System","schedule","core-heartbeat",,"schedule.triggered",
"cmr7emshf02bapvw88097076o","2026-07-05T06:22:54.386Z","success","info","job.started","system","system","System","job","ff6261c4-cef2-4620-8ccd-a8eecf6a9a7e",,"job.started",
"cmr7emsh702b8pvw85ab3xbln","2026-07-05T06:22:54.378Z","success","info","job.created","system","system","System","job","ff6261c4-cef2-4620-8ccd-a8eecf6a9a7e",,"job.created",
"cmr7elhq402b7pvw84kc56ny6","2026-07-05T06:21:53.789Z","success","info","job.completed","system","system","System","job","eb97e918-5fc6-4014-9d0d-713f43803111",,"job.completed",
"cmr7elhpy02b5pvw8ism23tsf","2026-07-05T06:21:53.782Z","success","info","job.started","system","system","System","job","eb97e918-5fc6-4014-9d0d-713f43803111",,"job.started",
"cmr7elhq002b6pvw8dkhw10yk","2026-07-05T06:21:53.782Z","success","info","schedule.triggered","system","system","System","schedule","core-heartbeat",,"schedule.triggered",
"cmr7elhpo02b4pvw83vzqtwmz","2026-07-05T06:21:53.770Z","success","info","job.created","system","system","System","job","eb97e918-5fc6-4014-9d0d-713f43803111",,"job.created",
"cmr7ek6yp02b3pvw84irpofnb","2026-07-05T06:20:53.185Z","success","info","job.completed","system","system","System","job","79dfc286-bd9c-4712-9e6f-8839ae5e3c61",,"job.completed",
"cmr7ek6yk02b1pvw8fdcgapj6","2026-07-05T06:20:53.180Z","success","info","job.started","system","system","System","job","79dfc286-bd9c-4712-9e6f-8839ae5e3c61",,"job.started",
"cmr7ek6yl02b2pvw83it12lko","2026-07-05T06:20:53.180Z","success","info","schedule.triggered","system","system","System","schedule","core-heartbeat",,"schedule.triggered",
"cmr7ek6yd02b0pvw8xmv0xkul","2026-07-05T06:20:53.172Z","success","info","job.created","system","system","System","job","79dfc286-bd9c-4712-9e6f-8839ae5e3c61",,"job.created",
"cmr7eiw8002azpvw8ebes7g34","2026-07-05T06:19:52.608Z","success","info","job.completed","system","system","System","job","aa51cc05-0b64-43f4-916d-82b1a790ef8e",,"job.completed",
"cmr7eiw7p02axpvw8kj8zqxk1","2026-07-05T06:19:52.598Z","success","info","job.started","system","system","System","job","aa51cc05-0b64-43f4-916d-82b1a790ef8e",,"job.started",
"cmr7eiw7u02aypvw8d68o0r89","2026-07-05T06:19:52.598Z","success","info","schedule.triggered","system","system","System","schedule","core-heartbeat",,"schedule.triggered",
"cmr7eiw7e02awpvw8zcgabw3g","2026-07-05T06:19:52.585Z","success","info","job.created","system","system","System","job","aa51cc05-0b64-43f4-916d-82b1a790ef8e",,"job.created",
"cmr7ehlij02avpvw8okklgulv","2026-07-05T06:18:52.075Z","success","info","job.completed","system","system","System","job","b34efa6b-4339-41b6-9bab-c45f3612342f",,"job.completed",
"cmr7ehlic02aupvw8p4vp2tda","2026-07-05T06:18:52.050Z","success","info","job.started","system","system","System","job","b34efa6b-4339-41b6-9bab-c45f3612342f",,"job.started",
"cmr7ehlhu02atpvw80ipe2trh","2026-07-05T06:18:52.050Z","success","info","schedule.triggered","system","system","System","schedule","core-heartbeat",,"schedule.triggered",
"cmr7ehlhi02aspvw8b1yrfm43","2026-07-05T06:18:52.020Z","success","info","job.created","system","system","System","job","b34efa6b-4339-41b6-9bab-c45f3612342f",,"job.created",
"cmr7egaq402arpvw8p6apycyi","2026-07-05T06:17:51.436Z","success","info","job.completed","system","system","System","job","6eb8fb0d-65a9-47d1-8f77-de86be69873d",,"job.completed",
"cmr7egaq102appvw8x7hic81w","2026-07-05T06:17:51.433Z","success","info","job.started","system","system","System","job","6eb8fb0d-65a9-47d1-8f77-de86be69873d",,"job.started",
"cmr7egaq202aqpvw810inuutz","2026-07-05T06:17:51.433Z","success","info","schedule.triggered","system","system","System","schedule","core-heartbeat",,"schedule.triggered",
"cmr7egapw02aopvw81z9ifnas","2026-07-05T06:17:51.427Z","success","info","job.created","system","system","System","job","6eb8fb0d-65a9-47d1-8f77-de86be69873d",,"job.created",
"cmr7eezys02anpvw8gq7i0t1c","2026-07-05T06:16:50.837Z","success","info","job.completed","system","system","System","job","fff9ce55-42fa-4a2b-a060-6342ebc5d531",,"job.completed",
"cmr7eezyn02alpvw8znlmoc9l","2026-07-05T06:16:50.832Z","success","info","job.started","system","system","System","job","fff9ce55-42fa-4a2b-a060-6342ebc5d531",,"job.started",
"cmr7eezyo02ampvw8vfcd6aqo","2026-07-05T06:16:50.832Z","success","info","schedule.triggered","system","system","System","schedule","core-heartbeat",,"schedule.triggered",
"cmr7eezyh02akpvw8kr1bb0aj","2026-07-05T06:16:50.824Z","success","info","job.created","system","system","System","job","fff9ce55-42fa-4a2b-a060-6342ebc5d531",,"job.created",
"cmr7edp7g02ajpvw8llr7mc13","2026-07-05T06:15:50.236Z","success","info","job.completed","system","system","System","job","ae776d36-f406-4e25-af50-046735484d47",,"job.completed",
"cmr7edp7a02ahpvw807jgapv3","2026-07-05T06:15:50.231Z","success","info","job.started","system","system","System","job","ae776d36-f406-4e25-af50-046735484d47",,"job.started",
"cmr7edp7c02aipvw8t489ktiz","2026-07-05T06:15:50.231Z","success","info","schedule.triggered","system","system","System","schedule","core-heartbeat",,"schedule.triggered",
"cmr7edp7402agpvw82jk1qngx","2026-07-05T06:15:50.223Z","success","info","job.created","system","system","System","job","ae776d36-f406-4e25-af50-046735484d47",,"job.created",
"cmr7ecegb02afpvw863xi2xjj","2026-07-05T06:14:49.644Z","success","info","job.completed","system","system","System","job","2d8d95e5-3188-45dd-bdd9-aef235f1e79b",,"job.completed",
"cmr7eceg302aepvw841dcm753","2026-07-05T06:14:49.634Z","success","info","job.started","system","system","System","job","2d8d95e5-3188-45dd-bdd9-aef235f1e79b",,"job.started",
"cmr7eceg202adpvw836ozwiro","2026-07-05T06:14:49.634Z","success","info","schedule.triggered","system","system","System","schedule","core-heartbeat",,"schedule.triggered",
"cmr7ecefu02acpvw8gp2cykap","2026-07-05T06:14:49.626Z","success","info","job.created","system","system","System","job","2d8d95e5-3188-45dd-bdd9-aef235f1e79b",,"job.created",
"cmr7eb3qa02aapvw8d1x5d97p","2026-07-05T06:13:49.091Z","success","info","job.completed","system","system","System","job","46ba4221-24ba-490a-a3e6-0675a058568c",,"job.completed",
"cmr7eb3q502a9pvw81rr7okr2","2026-07-05T06:13:49.085Z","success","info","job.started","system","system","System","job","46ba4221-24ba-490a-a3e6-0675a058568c",,"job.started",
"cmr7eb3qo02abpvw85oun4xnd","2026-07-05T06:13:49.085Z","success","info","schedule.triggered","system","system","System","schedule","core-heartbeat",,"schedule.triggered",
"cmr7eb3pw02a8pvw8gzideugo","2026-07-05T06:13:49.051Z","success","info","job.created","system","system","System","job","46ba4221-24ba-490a-a3e6-0675a058568c",,"job.created",
"cmr7e9sxm02a7pvw8psno2puo","2026-07-05T06:12:48.442Z","success","info","job.completed","system","system","System","job","d3b37c1f-540a-44c8-b163-1def0d8364b4",,"job.completed",
"cmr7e9sxe02a6pvw8w96svqcy","2026-07-05T06:12:48.434Z","success","info","job.started","system","system","System","job","d3b37c1f-540a-44c8-b163-1def0d8364b4",,"job.started",
"cmr7e9sxd02a5pvw8tw9amgu5","2026-07-05T06:12:48.434Z","success","info","schedule.triggered","system","system","System","schedule","core-heartbeat",,"schedule.triggered",
"cmr7e9sx602a4pvw86uk3cdgh","2026-07-05T06:12:48.425Z","success","info","job.created","system","system","System","job","d3b37c1f-540a-44c8-b163-1def0d8364b4",,"job.created",
"cmr7e8i6w02a3pvw8i0dspamn","2026-07-05T06:11:47.864Z","success","info","job.completed","system","system","System","job","482dc811-dc17-4b56-96b6-840985aeb684",,"job.completed",
"cmr7e8i6t02a2pvw8k8in6j77","2026-07-05T06:11:47.860Z","success","info","schedule.triggered","system","system","System","schedule","core-heartbeat",,"schedule.triggered",
"cmr7e8i6s02a1pvw8nk9unqmv","2026-07-05T06:11:47.860Z","success","info","job.started","system","system","System","job","482dc811-dc17-4b56-96b6-840985aeb684",,"job.started",
"cmr7e8i6k02a0pvw8s3si4j94","2026-07-05T06:11:47.851Z","success","info","job.created","system","system","System","job","482dc811-dc17-4b56-96b6-840985aeb684",,"job.created",
"cmr7e77fa029zpvw8inuvyjrk","2026-07-05T06:10:47.254Z","success","info","job.completed","system","system","System","job","c5de342f-a00e-464b-a9af-2deaf9c0be4c",,"job.completed",
"cmr7e77f4029ypvw87t00qj02","2026-07-05T06:10:47.247Z","success","info","schedule.triggered","system","system","System","schedule","core-heartbeat",,"schedule.triggered",
"cmr7e77f3029xpvw8uecy53gd","2026-07-05T06:10:47.247Z","success","info","job.started","system","system","System","job","c5de342f-a00e-464b-a9af-2deaf9c0be4c",,"job.started",
"cmr7e77eo029wpvw80nbjg6on","2026-07-05T06:10:47.229Z","success","info","job.created","system","system","System","job","c5de342f-a00e-464b-a9af-2deaf9c0be4c",,"job.created",
"cmr7e5wn0029vpvw89l4bfexf","2026-07-05T06:09:46.620Z","success","info","job.completed","system","system","System","job","45378a83-938c-41a8-97ea-e0e8ebaa2470",,"job.completed",
"cmr7e5wmt029upvw8kkb4hed6","2026-07-05T06:09:46.612Z","success","info","job.started","system","system","System","job","45378a83-938c-41a8-97ea-e0e8ebaa2470",,"job.started",
"cmr7e5wms029tpvw8yn26e4me","2026-07-05T06:09:46.612Z","success","info","schedule.triggered","system","system","System","schedule","core-heartbeat",,"schedule.triggered",
"cmr7e5wmh029spvw8igdd50ag","2026-07-05T06:09:46.600Z","success","info","job.created","system","system","System","job","45378a83-938c-41a8-97ea-e0e8ebaa2470",,"job.created",
"cmr7e4lv7029qpvw8hee5i3is","2026-07-05T06:08:46.003Z","success","info","job.completed","system","system","System","job","b7ad97f6-9787-48fe-9f2e-2f2cfa8ce306",,"job.completed",
"cmr7e4lv3029ppvw8kjf915hs","2026-07-05T06:08:45.999Z","success","info","job.started","system","system","System","job","b7ad97f6-9787-48fe-9f2e-2f2cfa8ce306",,"job.started",
"cmr7e4lvn029rpvw8nuydqeui","2026-07-05T06:08:45.999Z","success","info","schedule.triggered","system","system","System","schedule","core-heartbeat",,"schedule.triggered",
"cmr7e4luw029opvw85cpgu7u1","2026-07-05T06:08:45.970Z","success","info","job.created","system","system","System","job","b7ad97f6-9787-48fe-9f2e-2f2cfa8ce306",,"job.created",
"cmr7e3b3y029npvw8mms8xkdx","2026-07-05T06:07:45.406Z","success","info","job.completed","system","system","System","job","28379834-795c-4254-95f3-a037abfcb05d",,"job.completed",
"cmr7e3b3o029lpvw891gbevm5","2026-07-05T06:07:45.396Z","success","info","schedule.triggered","system","system","System","schedule","core-heartbeat",,"schedule.triggered",
"cmr7e3b3p029mpvw8zfvghkjq","2026-07-05T06:07:45.396Z","success","info","job.started","system","system","System","job","28379834-795c-4254-95f3-a037abfcb05d",,"job.started",
"cmr7e3b3h029kpvw8a2svz6kg","2026-07-05T06:07:45.388Z","success","info","job.created","system","system","System","job","28379834-795c-4254-95f3-a037abfcb05d",,"job.created",
"cmr7e20ct029jpvw8xuynbs3t","2026-07-05T06:06:44.814Z","success","info","job.completed","system","system","System","job","1d58cb73-c50c-4c46-afb9-a711ff27eb32",,"job.completed",
"cmr7e20cq029hpvw8pcr9rabl","2026-07-05T06:06:44.810Z","success","info","job.started","system","system","System","job","1d58cb73-c50c-4c46-afb9-a711ff27eb32",,"job.started",
"cmr7e20cr029ipvw82ib4lwx5","2026-07-05T06:06:44.810Z","success","info","schedule.triggered","system","system","System","schedule","core-heartbeat",,"schedule.triggered",
"cmr7e20ci029gpvw87pud2b6o","2026-07-05T06:06:44.801Z","success","info","job.created","system","system","System","job","1d58cb73-c50c-4c46-afb9-a711ff27eb32",,"job.created",
"cmr7e0pmp029fpvw82vpyys3p","2026-07-05T06:05:44.257Z","success","info","job.completed","system","system","System","job","9cbb6a70-cf0e-403f-9a90-19d8266ca5f1",,"job.completed",
"cmr7e0pml029dpvw85nu0bm8d","2026-07-05T06:05:44.254Z","success","info","job.started","system","system","System","job","9cbb6a70-cf0e-403f-9a90-19d8266ca5f1",,"job.started",
"cmr7e0pmn029epvw8ocbqiev8","2026-07-05T06:05:44.254Z","success","info","schedule.triggered","system","system","System","schedule","core-heartbeat",,"schedule.triggered",
"cmr7e0pmc029cpvw89l5r6yfb","2026-07-05T06:05:44.244Z","success","info","job.created","system","system","System","job","9cbb6a70-cf0e-403f-9a90-19d8266ca5f1",,"job.created",
"cmr7dzexo029bpvw8jrs79utq","2026-07-05T06:04:43.740Z","success","info","job.completed","system","system","System","job","37e798fe-3a82-4490-b3cf-b32a70eab8f2",,"job.completed",
"cmr7dzexh029apvw8goulyp6m","2026-07-05T06:04:43.732Z","success","info","job.started","system","system","System","job","37e798fe-3a82-4490-b3cf-b32a70eab8f2",,"job.started",
"cmr7dzexg0299pvw8zlphhds6","2026-07-05T06:04:43.732Z","success","info","schedule.triggered","system","system","System","schedule","core-heartbeat",,"schedule.triggered",
"cmr7dzex90298pvw8vg052fzf","2026-07-05T06:04:43.724Z","success","info","job.created","system","system","System","job","37e798fe-3a82-4490-b3cf-b32a70eab8f2",,"job.created",
"cmr7dy48h0296pvw8iuk5y7oq","2026-07-05T06:03:43.218Z","success","info","job.completed","system","system","System","job","f81474a1-91ab-4630-ad5a-9d636539bd46",,"job.completed",
"cmr7dy4810295pvw8wi39dz9o","2026-07-05T06:03:43.202Z","success","info","job.started","system","system","System","job","f81474a1-91ab-4630-ad5a-9d636539bd46",,"job.started",
"cmr7dy48i0297pvw84uqgyxle","2026-07-05T06:03:43.202Z","success","info","schedule.triggered","system","system","System","schedule","core-heartbeat",,"schedule.triggered",
"cmr7dy47s0294pvw832vwzhgn","2026-07-05T06:03:43.160Z","success","info","job.created","system","system","System","job","f81474a1-91ab-4630-ad5a-9d636539bd46",,"job.created",
"cmr7dwtgp0293pvw8fgk6enwi","2026-07-05T06:02:42.602Z","success","info","job.completed","system","system","System","job","543fb4fa-a338-47a1-81cd-374a739e09e9",,"job.completed",
"cmr7dwtgm0291pvw8pnp8r6al","2026-07-05T06:02:42.599Z","success","info","job.started","system","system","System","job","543fb4fa-a338-47a1-81cd-374a739e09e9",,"job.started",
"cmr7dwtgn0292pvw8k6e668md","2026-07-05T06:02:42.599Z","success","info","schedule.triggered","system","system","System","schedule","core-heartbeat",,"schedule.triggered",
"cmr7dwtgh0290pvw8in2n2t16","2026-07-05T06:02:42.592Z","success","info","job.created","system","system","System","job","543fb4fa-a338-47a1-81cd-374a739e09e9",,"job.created",
"cmr7dviqw028zpvw8y4r895c0","2026-07-05T06:01:42.057Z","success","info","job.completed","system","system","System","job","d7c8e8f2-2041-4b0f-9ebc-03afb096c299",,"job.completed",
"cmr7dviqs028ypvw858yrzffj","2026-07-05T06:01:42.052Z","success","info","schedule.triggered","system","system","System","schedule","core-heartbeat",,"schedule.triggered",
"cmr7dviqr028xpvw8ud5iivt8","2026-07-05T06:01:42.052Z","success","info","job.started","system","system","System","job","d7c8e8f2-2041-4b0f-9ebc-03afb096c299",,"job.started",
"cmr7dviql028wpvw829wxrcwx","2026-07-05T06:01:42.044Z","success","info","job.created","system","system","System","job","d7c8e8f2-2041-4b0f-9ebc-03afb096c299",,"job.created",
"cmr7du837028vpvw8z67j3dkp","2026-07-05T06:00:41.588Z","success","info","job.completed","system","system","System","job","202a8af9-ba12-4b7d-8c2b-4911a40ba815",,"job.completed",
"cmr7du82r028upvw83yjpp0i7","2026-07-05T06:00:41.570Z","success","info","schedule.triggered","system","system","System","schedule","core-heartbeat",,"schedule.triggered",
"cmr7du82q028tpvw87n7xd3ni","2026-07-05T06:00:41.570Z","success","info","job.started","system","system","System","job","202a8af9-ba12-4b7d-8c2b-4911a40ba815",,"job.started",
"cmr7du7zv028spvw80mf16f1o","2026-07-05T06:00:41.465Z","success","info","job.created","system","system","System","job","202a8af9-ba12-4b7d-8c2b-4911a40ba815",,"job.created",
"cmr7dsx9m028rpvw8heud53xn","2026-07-05T05:59:40.906Z","success","info","job.completed","system","system","System","job","73451427-24c1-4778-b1ed-3cfa0d8c1b0f",,"job.completed",
"cmr7dsx9h028qpvw8p3v8qsqz","2026-07-05T05:59:40.900Z","success","info","schedule.triggered","system","system","System","schedule","core-heartbeat",,"schedule.triggered",
"cmr7dsx9g028ppvw8ick7kx8n","2026-07-05T05:59:40.900Z","success","info","job.started","system","system","System","job","73451427-24c1-4778-b1ed-3cfa0d8c1b0f",,"job.started",
"cmr7dsx97028opvw8v1mmkriv","2026-07-05T05:59:40.890Z","success","info","job.created","system","system","System","job","73451427-24c1-4778-b1ed-3cfa0d8c1b0f",,"job.created",
"cmr7drmjs028mpvw8zax8golx","2026-07-05T05:58:40.361Z","success","info","job.completed","system","system","System","job","a1b55065-8630-418c-879e-dca655279169",,"job.completed",
"cmr7drmjm028lpvw8f0ogunkl","2026-07-05T05:58:40.355Z","success","info","job.started","system","system","System","job","a1b55065-8630-418c-879e-dca655279169",,"job.started",
"cmr7drmk7028npvw84g8axxqr","2026-07-05T05:58:40.355Z","success","info","schedule.triggered","system","system","System","schedule","core-heartbeat",,"schedule.triggered",
"cmr7drmja028kpvw8qfq0sdmq","2026-07-05T05:58:40.325Z","success","info","job.created","system","system","System","job","a1b55065-8630-418c-879e-dca655279169",,"job.created",
"cmr7dqbsd028jpvw8h4t65re6","2026-07-05T05:57:39.757Z","success","info","job.completed","system","system","System","job","78ef2a47-09c8-4447-ab25-50cd3d0bd572",,"job.completed",
"cmr7dqbsa028ipvw8moljb3cn","2026-07-05T05:57:39.753Z","success","info","schedule.triggered","system","system","System","schedule","core-heartbeat",,"schedule.triggered",
"cmr7dqbs9028hpvw8mp7vqx22","2026-07-05T05:57:39.753Z","success","info","job.started","system","system","System","job","78ef2a47-09c8-4447-ab25-50cd3d0bd572",,"job.started",
"cmr7dqbs3028gpvw81y79l6x4","2026-07-05T05:57:39.747Z","success","info","job.created","system","system","System","job","78ef2a47-09c8-4447-ab25-50cd3d0bd572",,"job.created",
"cmr7dp12d028fpvw85ymnmebx","2026-07-05T05:56:39.205Z","success","info","job.completed","system","system","System","job","9424f95b-d6f8-4d47-af6f-88fea1079611",,"job.completed",
"cmr7dp12a028epvw8vmvzi920","2026-07-05T05:56:39.202Z","success","info","schedule.triggered","system","system","System","schedule","core-heartbeat",,"schedule.triggered",
"cmr7dp129028dpvw8w68zde3i","2026-07-05T05:56:39.202Z","success","info","job.started","system","system","System","job","9424f95b-d6f8-4d47-af6f-88fea1079611",,"job.started",
"cmr7dp125028cpvw89fzmk87r","2026-07-05T05:56:39.196Z","success","info","job.created","system","system","System","job","9424f95b-d6f8-4d47-af6f-88fea1079611",,"job.created",
"cmr7dnqci028bpvw833r6erlj","2026-07-05T05:55:38.659Z","success","info","job.completed","system","system","System","job","76035c5e-8d09-436e-b726-e5dd541b0a7a",,"job.completed",
"cmr7dnqcg028apvw8un33ks03","2026-07-05T05:55:38.655Z","success","info","schedule.triggered","system","system","System","schedule","core-heartbeat",,"schedule.triggered",
"cmr7dnqcf0289pvw87ghm083u","2026-07-05T05:55:38.655Z","success","info","job.started","system","system","System","job","76035c5e-8d09-436e-b726-e5dd541b0a7a",,"job.started",
"cmr7dnqc70288pvw8bj70ch0z","2026-07-05T05:55:38.646Z","success","info","job.created","system","system","System","job","76035c5e-8d09-436e-b726-e5dd541b0a7a",,"job.created",
"cmr7dmfm70287pvw8i2frcuhs","2026-07-05T05:54:38.095Z","success","info","job.completed","system","system","System","job","472189fe-0702-48d8-8a4a-567fd3cbca5b",,"job.completed",
"cmr7dmfm20286pvw88vg7jk61","2026-07-05T05:54:38.089Z","success","info","schedule.triggered","system","system","System","schedule","core-heartbeat",,"schedule.triggered",
"cmr7dmfm10285pvw8h8tvbvbz","2026-07-05T05:54:38.089Z","success","info","job.started","system","system","System","job","472189fe-0702-48d8-8a4a-567fd3cbca5b",,"job.started",
"cmr7dmfls0284pvw80exp3mmt","2026-07-05T05:54:38.079Z","success","info","job.created","system","system","System","job","472189fe-0702-48d8-8a4a-567fd3cbca5b",,"job.created",
"cmr7dl4wa0282pvw82s4uguye","2026-07-05T05:53:37.546Z","success","info","job.completed","system","system","System","job","4b497bd3-6ef3-4934-bd2d-0b7dc96e438e",,"job.completed",
"cmr7dl4vw0281pvw8bhfqr414","2026-07-05T05:53:37.532Z","success","info","job.started","system","system","System","job","4b497bd3-6ef3-4934-bd2d-0b7dc96e438e",,"job.started",
"cmr7dl4wo0283pvw8ssira6wg","2026-07-05T05:53:37.532Z","success","info","schedule.triggered","system","system","System","schedule","core-heartbeat",,"schedule.triggered",
"cmr7dl4vm0280pvw8z5somokh","2026-07-05T05:53:37.500Z","success","info","job.created","system","system","System","job","4b497bd3-6ef3-4934-bd2d-0b7dc96e438e",,"job.created",
"cmr7dju50027zpvw8r75jqx56","2026-07-05T05:52:36.948Z","success","info","job.completed","system","system","System","job","89107673-a899-4480-91b7-8a6c469a7c57",,"job.completed",
"cmr7dju4s027ypvw8gyzy9cch","2026-07-05T05:52:36.939Z","success","info","job.started","system","system","System","job","89107673-a899-4480-91b7-8a6c469a7c57",,"job.started",
"cmr7dju4q027xpvw80hyidsyk","2026-07-05T05:52:36.939Z","success","info","schedule.triggered","system","system","System","schedule","core-heartbeat",,"schedule.triggered",
"cmr7dju4k027wpvw8bvjdigk3","2026-07-05T05:52:36.931Z","success","info","job.created","system","system","System","job","89107673-a899-4480-91b7-8a6c469a7c57",,"job.created",
"cmr7dije1027vpvw8eu1mrgf9","2026-07-05T05:51:36.361Z","success","info","job.completed","system","system","System","job","ce9ccd00-4131-470f-907c-2d1f8ad438cf",,"job.completed",
"cmr7dijdy027upvw8jiiebsn5","2026-07-05T05:51:36.358Z","success","info","schedule.triggered","system","system","System","schedule","core-heartbeat",,"schedule.triggered",
"cmr7dijdy027tpvw8dzlozoet","2026-07-05T05:51:36.358Z","success","info","job.started","system","system","System","job","ce9ccd00-4131-470f-907c-2d1f8ad438cf",,"job.started",
"cmr7dijdt027spvw8evsmpau4","2026-07-05T05:51:36.352Z","success","info","job.created","system","system","System","job","ce9ccd00-4131-470f-907c-2d1f8ad438cf",,"job.created",
"cmr7dh8nn027rpvw8re2bs4l6","2026-07-05T05:50:35.796Z","success","info","job.completed","system","system","System","job","28033eea-2af5-4f34-928b-8ad4e7a5b804",,"job.completed",
"cmr7dh8nk027qpvw8a7tsvhv1","2026-07-05T05:50:35.792Z","success","info","schedule.triggered","system","system","System","schedule","core-heartbeat",,"schedule.triggered",
"cmr7dh8nj027ppvw88o82tprc","2026-07-05T05:50:35.792Z","success","info","job.started","system","system","System","job","28033eea-2af5-4f34-928b-8ad4e7a5b804",,"job.started",
"cmr7dh8ne027opvw8ez99lcvy","2026-07-05T05:50:35.786Z","success","info","job.created","system","system","System","job","28033eea-2af5-4f34-928b-8ad4e7a5b804",,"job.created",
"cmr7dfxwh027npvw8x3inak6g","2026-07-05T05:49:35.202Z","success","info","job.completed","system","system","System","job","554540e1-0d6b-49c1-8dc6-88040597998b",,"job.completed",
"cmr7dfxwe027mpvw8jzeapml5","2026-07-05T05:49:35.196Z","success","info","schedule.triggered","system","system","System","schedule","core-heartbeat",,"schedule.triggered",
"cmr7dfxwc027lpvw8865l0n8a","2026-07-05T05:49:35.196Z","success","info","job.started","system","system","System","job","554540e1-0d6b-49c1-8dc6-88040597998b",,"job.started",
"cmr7dfxw5027kpvw8ukqw5kd1","2026-07-05T05:49:35.188Z","success","info","job.created","system","system","System","job","554540e1-0d6b-49c1-8dc6-88040597998b",,"job.created",
"cmr7den6y027ipvw87h8gobb5","2026-07-05T05:48:34.666Z","success","info","job.completed","system","system","System","job","a86ac819-e39d-4461-b030-1c7c263146ae",,"job.completed",
"cmr7den6t027hpvw8ycl90ktk","2026-07-05T05:48:34.661Z","success","info","job.started","system","system","System","job","a86ac819-e39d-4461-b030-1c7c263146ae",,"job.started",
"cmr7den7e027jpvw8vldots3g","2026-07-05T05:48:34.661Z","success","info","schedule.triggered","system","system","System","schedule","core-heartbeat",,"schedule.triggered",
"cmr7den6l027gpvw8ek3uplq6","2026-07-05T05:48:34.632Z","success","info","job.created","system","system","System","job","a86ac819-e39d-4461-b030-1c7c263146ae",,"job.created",
"cmr7ddcfn027fpvw8p3cjlbz8","2026-07-05T05:47:34.067Z","success","info","job.completed","system","system","System","job","2beeec3b-d8b6-476c-ba00-746c97278c7b",,"job.completed",
"cmr7ddcfj027epvw8ef0gs6ej","2026-07-05T05:47:34.062Z","success","info","schedule.triggered","system","system","System","schedule","core-heartbeat",,"schedule.triggered",
"cmr7ddcfi027dpvw8n0lsa5in","2026-07-05T05:47:34.062Z","success","info","job.started","system","system","System","job","2beeec3b-d8b6-476c-ba00-746c97278c7b",,"job.started",
"cmr7ddcfc027cpvw8u7cgz6ri","2026-07-05T05:47:34.055Z","success","info","job.created","system","system","System","job","2beeec3b-d8b6-476c-ba00-746c97278c7b",,"job.created",
"cmr7dc1pf027bpvw8z3a45our","2026-07-05T05:46:33.508Z","success","info","job.completed","system","system","System","job","9e7f4829-a0eb-4b6e-9acd-7bc2fc6b719c",,"job.completed",
"cmr7dc1pb027apvw83cjunb8l","2026-07-05T05:46:33.503Z","success","info","schedule.triggered","system","system","System","schedule","core-heartbeat",,"schedule.triggered",
"cmr7dc1pa0279pvw8yykvy7yz","2026-07-05T05:46:33.503Z","success","info","job.started","system","system","System","job","9e7f4829-a0eb-4b6e-9acd-7bc2fc6b719c",,"job.started",
"cmr7dc1p40278pvw8s13i66qg","2026-07-05T05:46:33.495Z","success","info","job.created","system","system","System","job","9e7f4829-a0eb-4b6e-9acd-7bc2fc6b719c",,"job.created",
"cmr7dar3r0277pvw8jobyltnl","2026-07-05T05:45:33.111Z","success","info","job.completed","system","system","System","job","31b7cd59-a6b4-431e-b9bc-c07e261c876c",,"job.completed",
"cmr7dar3o0275pvw8vw590ymh","2026-07-05T05:45:33.108Z","success","info","job.started","system","system","System","job","31b7cd59-a6b4-431e-b9bc-c07e261c876c",,"job.started",
"cmr7dar3o0276pvw8xeck4uet","2026-07-05T05:45:33.108Z","success","info","schedule.triggered","system","system","System","schedule","core-heartbeat",,"schedule.triggered",
"cmr7daqxy0274pvw80nbho886","2026-07-05T05:45:32.901Z","success","info","job.created","system","system","System","job","31b7cd59-a6b4-431e-b9bc-c07e261c876c",,"job.created",
"cmr7d9g6z0273pvw887t8jlxf","2026-07-05T05:44:32.315Z","success","info","job.completed","system","system","System","job","fc2e0288-b4d5-434a-8935-6d01045193fc",,"job.completed",
"cmr7d9g6r0272pvw8o52krurr","2026-07-05T05:44:32.306Z","success","info","job.started","system","system","System","job","fc2e0288-b4d5-434a-8935-6d01045193fc",,"job.started",
"cmr7d9g6q0271pvw8sfoxnl1o","2026-07-05T05:44:32.306Z","success","info","schedule.triggered","system","system","System","schedule","core-heartbeat",,"schedule.triggered",
"cmr7d9g6k0270pvw83p3c9vck","2026-07-05T05:44:32.299Z","success","info","job.created","system","system","System","job","fc2e0288-b4d5-434a-8935-6d01045193fc",,"job.created",
"cmr7d85t9026ypvw843yphm0i","2026-07-05T05:43:32.206Z","success","info","job.completed","system","system","System","job","a8f71a95-f5fc-45aa-8a6c-a670386746de",,"job.completed",
"cmr7d85t4026xpvw8uvelqyn6","2026-07-05T05:43:32.200Z","success","info","job.started","system","system","System","job","a8f71a95-f5fc-45aa-8a6c-a670386746de",,"job.started",
"cmr7d85tq026zpvw8iwlvkwpy","2026-07-05T05:43:32.200Z","success","info","schedule.triggered","system","system","System","schedule","core-heartbeat",,"schedule.triggered",
"cmr7d85sr026wpvw8wj9mx38z","2026-07-05T05:43:32.168Z","success","info","job.created","system","system","System","job","a8f71a95-f5fc-45aa-8a6c-a670386746de",,"job.created",
"cmr7d6v1m026vpvw8cx6gqo4y","2026-07-05T05:42:31.594Z","success","info","job.completed","system","system","System","job","c41f103d-233f-4893-8e99-8aece646076b",,"job.completed",
"cmr7d6v1g026tpvw80oghd7r7","2026-07-05T05:42:31.588Z","success","info","job.started","system","system","System","job","c41f103d-233f-4893-8e99-8aece646076b",,"job.started",
"cmr7d6v1h026upvw8fz7j62j3","2026-07-05T05:42:31.588Z","success","info","schedule.triggered","system","system","System","schedule","core-heartbeat",,"schedule.triggered",
"cmr7d6v19026spvw85dr7aocj","2026-07-05T05:42:31.580Z","success","info","job.created","system","system","System","job","c41f103d-233f-4893-8e99-8aece646076b",,"job.created",
"cmr7d5kal026rpvw8g6pup25e","2026-07-05T05:41:31.006Z","success","info","job.completed","system","system","System","job","f5c6f931-fa58-4bb8-b3a5-398fa0670b72",,"job.completed",
"cmr7d5kai026qpvw8x1ztb9xv","2026-07-05T05:41:31.001Z","success","info","job.started","system","system","System","job","f5c6f931-fa58-4bb8-b3a5-398fa0670b72",,"job.started",
"cmr7d5kah026ppvw8dyf1x6li","2026-07-05T05:41:31.001Z","success","info","schedule.triggered","system","system","System","schedule","core-heartbeat",,"schedule.triggered",
"cmr7d5kac026opvw8vvak5ho4","2026-07-05T05:41:30.996Z","success","info","job.created","system","system","System","job","f5c6f931-fa58-4bb8-b3a5-398fa0670b72",,"job.created",
"cmr7d49jo026npvw8m2kugfyt","2026-07-05T05:40:30.421Z","success","info","job.completed","system","system","System","job","9a329da8-c08f-4fcd-ab3a-c1384b1f1ce0",,"job.completed",
"cmr7d49jl026mpvw8w6wxxinn","2026-07-05T05:40:30.416Z","success","info","schedule.triggered","system","system","System","schedule","core-heartbeat",,"schedule.triggered",
"cmr7d49jk026lpvw8ssvirjot","2026-07-05T05:40:30.416Z","success","info","job.started","system","system","System","job","9a329da8-c08f-4fcd-ab3a-c1384b1f1ce0",,"job.started",
"cmr7d49je026kpvw8uuztekzy","2026-07-05T05:40:30.409Z","success","info","job.created","system","system","System","job","9a329da8-c08f-4fcd-ab3a-c1384b1f1ce0",,"job.created",
"cmr7d2ytb026jpvw843hly7es","2026-07-05T05:39:29.855Z","success","info","job.completed","system","system","System","job","0b890889-2a77-485f-815c-d59182fb7df0",,"job.completed",
"cmr7d2yt7026ipvw8v8hkygel","2026-07-05T05:39:29.850Z","success","info","schedule.triggered","system","system","System","schedule","core-heartbeat",,"schedule.triggered",
"cmr7d2yt6026hpvw80pqtaz81","2026-07-05T05:39:29.850Z","success","info","job.started","system","system","System","job","0b890889-2a77-485f-815c-d59182fb7df0",,"job.started",
"cmr7d2yt0026gpvw8s7u0lauo","2026-07-05T05:39:29.844Z","success","info","job.created","system","system","System","job","0b890889-2a77-485f-815c-d59182fb7df0",,"job.created",
"cmr7d1o4u026fpvw8zjmk1fny","2026-07-05T05:38:29.358Z","success","info","job.completed","system","system","System","job","fa0fca97-a0f8-4693-acef-64ec420fc26d",,"job.completed",
"cmr7d1o44026dpvw87e0cpejy","2026-07-05T05:38:29.333Z","success","info","schedule.triggered","system","system","System","schedule","core-heartbeat",,"schedule.triggered",
"cmr7d1o4o026epvw8l022hmkf","2026-07-05T05:38:29.333Z","success","info","job.started","system","system","System","job","fa0fca97-a0f8-4693-acef-64ec420fc26d",,"job.started",
"cmr7d1o3x026cpvw80gsuqm9d","2026-07-05T05:38:29.285Z","success","info","job.created","system","system","System","job","fa0fca97-a0f8-4693-acef-64ec420fc26d",,"job.created",
"cmr7d0dck026bpvw8pljdwjev","2026-07-05T05:37:28.724Z","success","info","job.completed","system","system","System","job","40c25b60-b27b-4bb8-a4e0-620a5dae3a5d",,"job.completed",
"cmr7d0dch026apvw8yulcc5ka","2026-07-05T05:37:28.721Z","success","info","schedule.triggered","system","system","System","schedule","core-heartbeat",,"schedule.triggered",
"cmr7d0dch0269pvw8esdk3kud","2026-07-05T05:37:28.721Z","success","info","job.started","system","system","System","job","40c25b60-b27b-4bb8-a4e0-620a5dae3a5d",,"job.started",
"cmr7d0dc90268pvw87qbd29dw","2026-07-05T05:37:28.712Z","success","info","job.created","system","system","System","job","40c25b60-b27b-4bb8-a4e0-620a5dae3a5d",,"job.created",
"cmr7cz2lo0267pvw87va6qrth","2026-07-05T05:36:28.140Z","success","info","job.completed","system","system","System","job","b6e648c9-161f-48fb-be2d-0a6b7c765314",,"job.completed",
"cmr7cz2ll0266pvw8j23i3qvm","2026-07-05T05:36:28.137Z","success","info","schedule.triggered","system","system","System","schedule","core-heartbeat",,"schedule.triggered",
"cmr7cz2lk0265pvw8yohfp1ef","2026-07-05T05:36:28.137Z","success","info","job.started","system","system","System","job","b6e648c9-161f-48fb-be2d-0a6b7c765314",,"job.started",
"cmr7cz2lg0264pvw8gv16971a","2026-07-05T05:36:28.131Z","success","info","job.created","system","system","System","job","b6e648c9-161f-48fb-be2d-0a6b7c765314",,"job.created",
"cmr7cxrua0263pvw8eq8dx3w8","2026-07-05T05:35:27.538Z","success","info","job.completed","system","system","System","job","072e7496-52f3-451c-af8a-0b3310825ada",,"job.completed",
"cmr7cxru70262pvw80us7xwi9","2026-07-05T05:35:27.534Z","success","info","schedule.triggered","system","system","System","schedule","core-heartbeat",,"schedule.triggered",
"cmr7cxru60261pvw86rc86wmm","2026-07-05T05:35:27.534Z","success","info","job.started","system","system","System","job","072e7496-52f3-451c-af8a-0b3310825ada",,"job.started",
"cmr7cxrtx0260pvw87su38hmg","2026-07-05T05:35:27.524Z","success","info","job.created","system","system","System","job","072e7496-52f3-451c-af8a-0b3310825ada",,"job.created",
"cmr7cwh3w025zpvw8gm23vfq2","2026-07-05T05:34:26.973Z","success","info","job.completed","system","system","System","job","857e2b40-503c-404a-bd62-6f420facf5a4",,"job.completed",
"cmr7cwh3r025ypvw8hw4yafd6","2026-07-05T05:34:26.966Z","success","info","schedule.triggered","system","system","System","schedule","core-heartbeat",,"schedule.triggered",
"cmr7cwh3q025xpvw8p5fpru42","2026-07-05T05:34:26.966Z","success","info","job.started","system","system","System","job","857e2b40-503c-404a-bd62-6f420facf5a4",,"job.started",
"cmr7cwh3f025wpvw87b7mgzdo","2026-07-05T05:34:26.954Z","success","info","job.created","system","system","System","job","857e2b40-503c-404a-bd62-6f420facf5a4",,"job.created",
"cmr7cv6e6025vpvw8j9lh40d1","2026-07-05T05:33:26.430Z","success","info","job.completed","system","system","System","job","14e1fe12-5ed5-4d77-9691-2727eb6e4b89",,"job.completed",
"cmr7cv6dc025tpvw8p1mijcx7","2026-07-05T05:33:26.401Z","success","info","schedule.triggered","system","system","System","schedule","core-heartbeat",,"schedule.triggered",
"cmr7cv6e0025upvw8r9wva517","2026-07-05T05:33:26.401Z","success","info","job.started","system","system","System","job","14e1fe12-5ed5-4d77-9691-2727eb6e4b89",,"job.started",
"cmr7cv6d1025spvw82p67vel2","2026-07-05T05:33:26.363Z","success","info","job.created","system","system","System","job","14e1fe12-5ed5-4d77-9691-2727eb6e4b89",,"job.created",
"cmr7ctvo5025rpvw84u59mznf","2026-07-05T05:32:25.878Z","success","info","job.completed","system","system","System","job","90cc89d5-4e36-4259-94e1-3c4fecd4c91a",,"job.completed",
"cmr7ctvo2025qpvw8wmvq4pn1","2026-07-05T05:32:25.873Z","success","info","job.started","system","system","System","job","90cc89d5-4e36-4259-94e1-3c4fecd4c91a",,"job.started",
"cmr7ctvo1025ppvw8de493yll","2026-07-05T05:32:25.873Z","success","info","schedule.triggered","system","system","System","schedule","core-heartbeat",,"schedule.triggered",
"cmr7ctvku025opvw8tjg3lihl","2026-07-05T05:32:25.757Z","success","info","job.created","system","system","System","job","90cc89d5-4e36-4259-94e1-3c4fecd4c91a",,"job.created",
"cmr7csku1025npvw87n8pf9hj","2026-07-05T05:31:25.177Z","success","info","job.completed","system","system","System","job","73e6d8a2-3636-49f1-9e8a-a1bf29d99093",,"job.completed",
"cmr7cskty025mpvw8nqvl2e6b","2026-07-05T05:31:25.173Z","success","info","schedule.triggered","system","system","System","schedule","core-heartbeat",,"schedule.triggered",
"cmr7csktx025lpvw87wr80v0o","2026-07-05T05:31:25.173Z","success","info","job.started","system","system","System","job","73e6d8a2-3636-49f1-9e8a-a1bf29d99093",,"job.started",
"cmr7cskts025kpvw8bt0cqyut","2026-07-05T05:31:25.167Z","success","info","job.created","system","system","System","job","73e6d8a2-3636-49f1-9e8a-a1bf29d99093",,"job.created",
"cmr7cra4c025jpvw8hoftnws0","2026-07-05T05:30:24.636Z","success","info","job.completed","system","system","System","job","9a28cab7-8f9b-497b-8619-fe43bd82965f",,"job.completed",
"cmr7cra45025ipvw8kzwgpzbe","2026-07-05T05:30:24.626Z","success","info","schedule.triggered","system","system","System","schedule","core-heartbeat",,"schedule.triggered",
"cmr7cra41025hpvw8bn7ifa41","2026-07-05T05:30:24.626Z","success","info","job.started","system","system","System","job","9a28cab7-8f9b-497b-8619-fe43bd82965f",,"job.started",
"cmr7cra3p025gpvw8bsngo0yu","2026-07-05T05:30:24.610Z","success","info","job.created","system","system","System","job","9a28cab7-8f9b-497b-8619-fe43bd82965f",,"job.created",
"cmr7cpzeo025fpvw81isim8l9","2026-07-05T05:29:24.096Z","success","info","job.completed","system","system","System","job","b8d9b17b-320e-40a7-851f-0724b9216aeb",,"job.completed",
"cmr7cpzel025epvw88se3kltr","2026-07-05T05:29:24.093Z","success","info","schedule.triggered","system","system","System","schedule","core-heartbeat",,"schedule.triggered",
"cmr7cpzek025dpvw893wa33h8","2026-07-05T05:29:24.093Z","success","info","job.started","system","system","System","job","b8d9b17b-320e-40a7-851f-0724b9216aeb",,"job.started",
"cmr7cpzed025cpvw89o9vvrb7","2026-07-05T05:29:24.084Z","success","info","job.created","system","system","System","job","b8d9b17b-320e-40a7-851f-0724b9216aeb",,"job.created",
"cmr7coopk025bpvw8euctehjh","2026-07-05T05:28:23.576Z","success","info","job.completed","system","system","System","job","3418f6b3-8ca5-4e6f-aed3-7be36c44fff0",,"job.completed",
"cmr7cooop0259pvw8br3vrt30","2026-07-05T05:28:23.545Z","success","info","schedule.triggered","system","system","System","schedule","core-heartbeat",,"schedule.triggered",
"cmr7coopb025apvw88gqgaj75","2026-07-05T05:28:23.545Z","success","info","job.started","system","system","System","job","3418f6b3-8ca5-4e6f-aed3-7be36c44fff0",,"job.started",
"cmr7cooo90258pvw8c9sirr74","2026-07-05T05:28:23.486Z","success","info","job.created","system","system","System","job","3418f6b3-8ca5-4e6f-aed3-7be36c44fff0",,"job.created",
"cmr7cndwx0257pvw89pbw7ffj","2026-07-05T05:27:22.929Z","success","info","job.completed","system","system","System","job","674ba506-204f-4054-8041-897613b3994a",,"job.completed",
"cmr7cndwu0256pvw8drrlq0nh","2026-07-05T05:27:22.926Z","success","info","schedule.triggered","system","system","System","schedule","core-heartbeat",,"schedule.triggered",
"cmr7cndwt0255pvw8h4sjwfyl","2026-07-05T05:27:22.926Z","success","info","job.started","system","system","System","job","674ba506-204f-4054-8041-897613b3994a",,"job.started",
"cmr7cndwl0254pvw8gsrgtrrt","2026-07-05T05:27:22.917Z","success","info","job.created","system","system","System","job","674ba506-204f-4054-8041-897613b3994a",,"job.created",
"cmr7cm3850253pvw8iinbqoyg","2026-07-05T05:26:22.422Z","success","info","job.completed","system","system","System","job","67fe1bb7-8f6e-4281-be4e-e31679e58128",,"job.completed",
"cmr7cm37w0251pvw8q2jmkdfs","2026-07-05T05:26:22.413Z","success","info","schedule.triggered","system","system","System","schedule","core-heartbeat",,"schedule.triggered",
"cmr7cm37x0252pvw8yutkeui4","2026-07-05T05:26:22.413Z","success","info","job.started","system","system","System","job","67fe1bb7-8f6e-4281-be4e-e31679e58128",,"job.started",
"cmr7cm37q0250pvw8zx2kpvzy","2026-07-05T05:26:22.405Z","success","info","job.created","system","system","System","job","67fe1bb7-8f6e-4281-be4e-e31679e58128",,"job.created",
"cmr7cksjl024zpvw8qpkobbri","2026-07-05T05:25:21.921Z","success","info","job.completed","system","system","System","job","be884037-5330-45f1-9eff-33c286b74e6a",,"job.completed",
"cmr7cksij024xpvw80ow53vp2","2026-07-05T05:25:21.884Z","success","info","job.started","system","system","System","job","be884037-5330-45f1-9eff-33c286b74e6a",,"job.started",
"cmr7cksil024ypvw8wd4yv01i","2026-07-05T05:25:21.884Z","success","info","schedule.triggered","system","system","System","schedule","core-heartbeat",,"schedule.triggered",
"cmr7ckshn024wpvw80ap3lda0","2026-07-05T05:25:21.851Z","success","info","job.created","system","system","System","job","be884037-5330-45f1-9eff-33c286b74e6a",,"job.created",
"cmr7cjhsb024vpvw8obiq4hid","2026-07-05T05:24:21.324Z","success","info","job.completed","system","system","System","job","10de3173-0217-4e0a-b59c-3f4a6db0a7df",,"job.completed",
"cmr7cjhs8024upvw8l8oqrdu6","2026-07-05T05:24:21.319Z","success","info","job.started","system","system","System","job","10de3173-0217-4e0a-b59c-3f4a6db0a7df",,"job.started",
"cmr7cjhs6024tpvw8mbhcld32","2026-07-05T05:24:21.319Z","success","info","schedule.triggered","system","system","System","schedule","core-heartbeat",,"schedule.triggered",
"cmr7cjhs1024spvw8j8s9dbd9","2026-07-05T05:24:21.312Z","success","info","job.created","system","system","System","job","10de3173-0217-4e0a-b59c-3f4a6db0a7df",,"job.created",
"cmr7ci73v024qpvw8g1q0u4an","2026-07-05T05:23:20.828Z","success","info","job.completed","system","system","System","job","ba7deb61-ec99-49be-abb4-d1f56f8aa6ec",,"job.completed",
"cmr7ci73r024ppvw8y1x7jy4g","2026-07-05T05:23:20.823Z","success","info","job.started","system","system","System","job","ba7deb61-ec99-49be-abb4-d1f56f8aa6ec",,"job.started",
"cmr7ci74g024rpvw828q1t4xk","2026-07-05T05:23:20.823Z","success","info","schedule.triggered","system","system","System","schedule","core-heartbeat",,"schedule.triggered",
"cmr7ci73h024opvw8s6if3gv6","2026-07-05T05:23:20.765Z","success","info","job.created","system","system","System","job","ba7deb61-ec99-49be-abb4-d1f56f8aa6ec",,"job.created",
"cmr7cgwe2024npvw8mkqyhfep","2026-07-05T05:22:20.283Z","success","info","job.completed","system","system","System","job","fad3b550-be7f-453e-a753-36e0af8b8b93",,"job.completed",
"cmr7cgwdx024lpvw8t3wm2qxs","2026-07-05T05:22:20.278Z","success","info","schedule.triggered","system","system","System","schedule","core-heartbeat",,"schedule.triggered",
"cmr7cgwdy024mpvw8z6z6abkp","2026-07-05T05:22:20.278Z","success","info","job.started","system","system","System","job","fad3b550-be7f-453e-a753-36e0af8b8b93",,"job.started",
"cmr7cgwds024kpvw8oja6771a","2026-07-05T05:22:20.271Z","success","info","job.created","system","system","System","job","fad3b550-be7f-453e-a753-36e0af8b8b93",,"job.created",
"cmr7cflos024jpvw8lkt5913n","2026-07-05T05:21:19.756Z","success","info","job.completed","system","system","System","job","d2cc6b2f-ed7c-4da2-88c1-4370ca6c281b",,"job.completed",
"cmr7cflon024ipvw8tmfzrgi4","2026-07-05T05:21:19.750Z","success","info","job.started","system","system","System","job","d2cc6b2f-ed7c-4da2-88c1-4370ca6c281b",,"job.started",
"cmr7cflol024hpvw8906kg95c","2026-07-05T05:21:19.750Z","success","info","schedule.triggered","system","system","System","schedule","core-heartbeat",,"schedule.triggered",
"cmr7cflob024gpvw8s39rsz5j","2026-07-05T05:21:19.737Z","success","info","job.created","system","system","System","job","d2cc6b2f-ed7c-4da2-88c1-4370ca6c281b",,"job.created",
"cmr7ceay2024fpvw8zn2xp3fy","2026-07-05T05:20:19.179Z","success","info","job.completed","system","system","System","job","3af8d5e0-7120-4acb-926f-bc410a806eb4",,"job.completed",
"cmr7ceaxw024dpvw8tuyc5pse","2026-07-05T05:20:19.172Z","success","info","schedule.triggered","system","system","System","schedule","core-heartbeat",,"schedule.triggered",
"cmr7ceaxx024epvw8zhz09jaa","2026-07-05T05:20:19.172Z","success","info","job.started","system","system","System","job","3af8d5e0-7120-4acb-926f-bc410a806eb4",,"job.started",
"cmr7ceaxk024cpvw8w2cxuiqb","2026-07-05T05:20:19.157Z","success","info","job.created","system","system","System","job","3af8d5e0-7120-4acb-926f-bc410a806eb4",,"job.created",
"cmr7cd09k024bpvw89gxg25ti","2026-07-05T05:19:18.680Z","success","info","job.completed","system","system","System","job","bca8db91-2f02-4f42-a454-c69314344e07",,"job.completed",
"cmr7cd099024apvw804wywcd2","2026-07-05T05:19:18.669Z","success","info","schedule.triggered","system","system","System","schedule","core-heartbeat",,"schedule.triggered",
"cmr7cd0980249pvw8qkeec409","2026-07-05T05:19:18.669Z","success","info","job.started","system","system","System","job","bca8db91-2f02-4f42-a454-c69314344e07",,"job.started",
"cmr7cd08v0248pvw8f1ab120f","2026-07-05T05:19:18.655Z","success","info","job.created","system","system","System","job","bca8db91-2f02-4f42-a454-c69314344e07",,"job.created",
"cmr7cbplj0247pvw844an8ijb","2026-07-05T05:18:18.200Z","success","info","job.completed","system","system","System","job","7c053150-079a-4de9-9015-37f3b3cc669c",,"job.completed",
"cmr7cbpkn0245pvw8jwcx193k","2026-07-05T05:18:18.168Z","success","info","schedule.triggered","system","system","System","schedule","core-heartbeat",,"schedule.triggered",
"cmr7cbplb0246pvw8sv20rtmz","2026-07-05T05:18:18.168Z","success","info","job.started","system","system","System","job","7c053150-079a-4de9-9015-37f3b3cc669c",,"job.started",
"cmr7cbpkf0244pvw88avbiawd","2026-07-05T05:18:18.141Z","success","info","job.created","system","system","System","job","7c053150-079a-4de9-9015-37f3b3cc669c",,"job.created",
"cmr7caeuk0243pvw86w524btx","2026-07-05T05:17:17.612Z","success","info","job.completed","system","system","System","job","eb95befe-cf1c-4724-8562-d8826d2a50d2",,"job.completed",
"cmr7caeuf0242pvw80bdhzjhw","2026-07-05T05:17:17.606Z","success","info","schedule.triggered","system","system","System","schedule","core-heartbeat",,"schedule.triggered",
"cmr7caeue0241pvw8lh2od9kg","2026-07-05T05:17:17.606Z","success","info","job.started","system","system","System","job","eb95befe-cf1c-4724-8562-d8826d2a50d2",,"job.started",
"cmr7caeu60240pvw8ihixcmb1","2026-07-05T05:17:17.597Z","success","info","job.created","system","system","System","job","eb95befe-cf1c-4724-8562-d8826d2a50d2",,"job.created",
"cmr7c9454023zpvw80mh5f1t4","2026-07-05T05:16:17.080Z","success","info","job.completed","system","system","System","job","8e31efb6-3b9d-4d05-8ebc-a021fdee2fa2",,"job.completed",
"cmr7c9452023ypvw8rtk29eak","2026-07-05T05:16:17.077Z","success","info","schedule.triggered","system","system","System","schedule","core-heartbeat",,"schedule.triggered",
"cmr7c9451023xpvw8g94a6pg9","2026-07-05T05:16:17.077Z","success","info","job.started","system","system","System","job","8e31efb6-3b9d-4d05-8ebc-a021fdee2fa2",,"job.started",
"cmr7c944u023wpvw8061ajdv5","2026-07-05T05:16:17.069Z","success","info","job.created","system","system","System","job","8e31efb6-3b9d-4d05-8ebc-a021fdee2fa2",,"job.created",
"cmr7c7teg023vpvw8zprho84t","2026-07-05T05:15:16.504Z","success","info","job.completed","system","system","System","job","0ee9b3f0-5fdb-488f-8f0e-9f7ad4a55166",,"job.completed",
"cmr7c7teb023upvw8h99k3a3d","2026-07-05T05:15:16.498Z","success","info","schedule.triggered","system","system","System","schedule","core-heartbeat",,"schedule.triggered",
"cmr7c7tea023tpvw8x289dayi","2026-07-05T05:15:16.498Z","success","info","job.started","system","system","System","job","0ee9b3f0-5fdb-488f-8f0e-9f7ad4a55166",,"job.started",
"cmr7c7te2023spvw8abyl9k4g","2026-07-05T05:15:16.488Z","success","info","job.created","system","system","System","job","0ee9b3f0-5fdb-488f-8f0e-9f7ad4a55166",,"job.created",
"cmr7c6inl023rpvw8egxmnaqv","2026-07-05T05:14:15.921Z","success","info","job.completed","system","system","System","job","77897155-f6e9-4f02-a93f-6f01e574305b",,"job.completed",
"cmr7c6ing023qpvw87cdj9hyv","2026-07-05T05:14:15.915Z","success","info","schedule.triggered","system","system","System","schedule","core-heartbeat",,"schedule.triggered",
"cmr7c6ine023ppvw8p0dgmzmi","2026-07-05T05:14:15.915Z","success","info","job.started","system","system","System","job","77897155-f6e9-4f02-a93f-6f01e574305b",,"job.started",
"cmr7c6in7023opvw8ynort8m9","2026-07-05T05:14:15.906Z","success","info","job.created","system","system","System","job","77897155-f6e9-4f02-a93f-6f01e574305b",,"job.created",
"cmr7c57xu023npvw8junfunts","2026-07-05T05:13:15.378Z","success","info","job.completed","system","system","System","job","90bf2520-c872-4433-a67c-50f73184fdf0",,"job.completed",
"cmr7c57wy023lpvw8kfwljtd9","2026-07-05T05:13:15.347Z","success","info","schedule.triggered","system","system","System","schedule","core-heartbeat",,"schedule.triggered",
"cmr7c57xo023mpvw8e6wnuuo8","2026-07-05T05:13:15.347Z","success","info","job.started","system","system","System","job","90bf2520-c872-4433-a67c-50f73184fdf0",,"job.started",
"cmr7c57wo023kpvw85lmp8tt0","2026-07-05T05:13:15.311Z","success","info","job.created","system","system","System","job","90bf2520-c872-4433-a67c-50f73184fdf0",,"job.created",
"cmr7c3x5h023jpvw8fk7ahbw3","2026-07-05T05:12:14.741Z","success","info","job.completed","system","system","System","job","fe34c5e5-86cf-410c-92b3-106d23c98be1",,"job.completed",
"cmr7c3x5d023hpvw8foi5cayo","2026-07-05T05:12:14.738Z","success","info","job.started","system","system","System","job","fe34c5e5-86cf-410c-92b3-106d23c98be1",,"job.started",
"cmr7c3x5e023ipvw8qysy2e88","2026-07-05T05:12:14.738Z","success","info","schedule.triggered","system","system","System","schedule","core-heartbeat",,"schedule.triggered",
"cmr7c3x59023gpvw8syrek1ew","2026-07-05T05:12:14.732Z","success","info","job.created","system","system","System","job","fe34c5e5-86cf-410c-92b3-106d23c98be1",,"job.created",
"cmr7c2mdz023fpvw8x9nl6ccv","2026-07-05T05:11:14.135Z","success","info","job.completed","system","system","System","job","666977b9-53b9-4b93-83ee-4e61d0092a96",,"job.completed",
"cmr7c2mdw023dpvw85kxax5lf","2026-07-05T05:11:14.132Z","success","info","job.started","system","system","System","job","666977b9-53b9-4b93-83ee-4e61d0092a96",,"job.started",
"cmr7c2mdx023epvw8r3wadwam","2026-07-05T05:11:14.132Z","success","info","schedule.triggered","system","system","System","schedule","core-heartbeat",,"schedule.triggered",
"cmr7c2mds023cpvw809mvusve","2026-07-05T05:11:14.127Z","success","info","job.created","system","system","System","job","666977b9-53b9-4b93-83ee-4e61d0092a96",,"job.created",
"cmr7c1bnk023bpvw8j4s6os1j","2026-07-05T05:10:13.569Z","success","info","job.completed","system","system","System","job","6758d9b2-fbab-4f98-9596-b3df585f10a2",,"job.completed",
"cmr7c1bnf0239pvw8ckslucqz","2026-07-05T05:10:13.563Z","success","info","job.started","system","system","System","job","6758d9b2-fbab-4f98-9596-b3df585f10a2",,"job.started",
"cmr7c1bng023apvw8x9tz7d7k","2026-07-05T05:10:13.563Z","success","info","schedule.triggered","system","system","System","schedule","core-heartbeat",,"schedule.triggered",
"cmr7c1bn50238pvw81zf201zs","2026-07-05T05:10:13.552Z","success","info","job.created","system","system","System","job","6758d9b2-fbab-4f98-9596-b3df585f10a2",,"job.created",
"cmr7c00x90237pvw8szayxtzm","2026-07-05T05:09:13.006Z","success","info","job.completed","system","system","System","job","279fc497-3277-486a-9f50-acc4ffb0a6d3",,"job.completed",
"cmr7c00x10236pvw8vh930ea7","2026-07-05T05:09:12.997Z","success","info","job.started","system","system","System","job","279fc497-3277-486a-9f50-acc4ffb0a6d3",,"job.started",
"cmr7c00x00235pvw8vbtbyck8","2026-07-05T05:09:12.997Z","success","info","schedule.triggered","system","system","System","schedule","core-heartbeat",,"schedule.triggered",
"cmr7c00wu0234pvw8yv886857","2026-07-05T05:09:12.990Z","success","info","job.created","system","system","System","job","279fc497-3277-486a-9f50-acc4ffb0a6d3",,"job.created",
"cmr7byq8g0233pvw8isrjl5ni","2026-07-05T05:08:12.496Z","success","info","job.completed","system","system","System","job","e827b23f-fa11-4861-90c3-a80f52a2eb91",,"job.completed",
"cmr7byq7q0231pvw8467284x1","2026-07-05T05:08:12.471Z","success","info","schedule.triggered","system","system","System","schedule","core-heartbeat",,"schedule.triggered",
"cmr7byq8a0232pvw8gou7eg3x","2026-07-05T05:08:12.471Z","success","info","job.started","system","system","System","job","e827b23f-fa11-4861-90c3-a80f52a2eb91",,"job.started",
"cmr7byq7f0230pvw8t78r675y","2026-07-05T05:08:12.442Z","success","info","job.created","system","system","System","job","e827b23f-fa11-4861-90c3-a80f52a2eb91",,"job.created",
"cmr7bxfgd022zpvw8bm462sjv","2026-07-05T05:07:11.869Z","success","info","job.completed","system","system","System","job","647a9373-8baf-4b29-b153-59910e21398e",,"job.completed",
"cmr7bxfg7022xpvw8dvtgbkud","2026-07-05T05:07:11.864Z","success","info","job.started","system","system","System","job","647a9373-8baf-4b29-b153-59910e21398e",,"job.started",
"cmr7bxfg9022ypvw8ooss562d","2026-07-05T05:07:11.864Z","success","info","schedule.triggered","system","system","System","schedule","core-heartbeat",,"schedule.triggered",
"cmr7bxfg1022wpvw8mjzm9npe","2026-07-05T05:07:11.857Z","success","info","job.created","system","system","System","job","647a9373-8baf-4b29-b153-59910e21398e",,"job.created",
"cmr7bw4on022vpvw88iqipuju","2026-07-05T05:06:11.255Z","success","info","job.completed","system","system","System","job","d5dce426-3bb7-44a9-b997-27203331165d",,"job.completed",
"cmr7bw4oi022tpvw8ap0ufne3","2026-07-05T05:06:11.250Z","success","info","job.started","system","system","System","job","d5dce426-3bb7-44a9-b997-27203331165d",,"job.started",
"cmr7bw4oj022upvw8se4gjsvj","2026-07-05T05:06:11.250Z","success","info","schedule.triggered","system","system","System","schedule","core-heartbeat",,"schedule.triggered",
"cmr7bw4oc022spvw86p0r084r","2026-07-05T05:06:11.244Z","success","info","job.created","system","system","System","job","d5dce426-3bb7-44a9-b997-27203331165d",,"job.created",
"cmr7butwn022rpvw8qxc4whna","2026-07-05T05:05:10.631Z","success","info","job.completed","system","system","System","job","e04a4728-6e87-4c74-b015-fbeda3c1c266",,"job.completed",
"cmr7butwe022qpvw8vpxawx8n","2026-07-05T05:05:10.621Z","success","info","job.started","system","system","System","job","e04a4728-6e87-4c74-b015-fbeda3c1c266",,"job.started",
"cmr7butwd022ppvw8ok3r7wpq","2026-07-05T05:05:10.621Z","success","info","schedule.triggered","system","system","System","schedule","core-heartbeat",,"schedule.triggered",
"cmr7butw1022opvw85gz0sjlh","2026-07-05T05:05:10.608Z","success","info","job.created","system","system","System","job","e04a4728-6e87-4c74-b015-fbeda3c1c266",,"job.created",
"cmr7btj5o022npvw8tm7cnkq6","2026-07-05T05:04:10.044Z","success","info","job.completed","system","system","System","job","c9433a33-1e39-4460-9b0e-b2e25c33f860",,"job.completed",
"cmr7btj5k022mpvw8zrhdaist","2026-07-05T05:04:10.039Z","success","info","schedule.triggered","system","system","System","schedule","core-heartbeat",,"schedule.triggered",
"cmr7btj5i022lpvw8nynl7dro","2026-07-05T05:04:10.039Z","success","info","job.started","system","system","System","job","c9433a33-1e39-4460-9b0e-b2e25c33f860",,"job.started",
"cmr7btj5b022kpvw8u7gi5ki6","2026-07-05T05:04:10.029Z","success","info","job.created","system","system","System","job","c9433a33-1e39-4460-9b0e-b2e25c33f860",,"job.created",
"cmr7bs8f6022ipvw8840ee8m9","2026-07-05T05:03:09.475Z","success","info","job.completed","system","system","System","job","3693901b-5e6a-4000-b504-17d1c9e8a7cd",,"job.completed",
"cmr7bs8f1022hpvw8d2efbcoq","2026-07-05T05:03:09.470Z","success","info","job.started","system","system","System","job","3693901b-5e6a-4000-b504-17d1c9e8a7cd",,"job.started",
"cmr7bs8fl022jpvw8exyzsmxo","2026-07-05T05:03:09.470Z","success","info","schedule.triggered","system","system","System","schedule","core-heartbeat",,"schedule.triggered",
"cmr7bs8eu022gpvw8tkqbmekg","2026-07-05T05:03:09.445Z","success","info","job.created","system","system","System","job","3693901b-5e6a-4000-b504-17d1c9e8a7cd",,"job.created",
"cmr7bqxo1022fpvw8iehjtwbd","2026-07-05T05:02:08.882Z","success","info","job.completed","system","system","System","job","5ec20f31-3aa2-4a0a-bf6e-bd4fc3ca2b93",,"job.completed",
"cmr7bqxnr022dpvw83mb06t2i","2026-07-05T05:02:08.871Z","success","info","job.started","system","system","System","job","5ec20f31-3aa2-4a0a-bf6e-bd4fc3ca2b93",,"job.started",
"cmr7bqxnu022epvw8b37gwcsn","2026-07-05T05:02:08.871Z","success","info","schedule.triggered","system","system","System","schedule","core-heartbeat",,"schedule.triggered",
"cmr7bqxng022cpvw86gpm0r8c","2026-07-05T05:02:08.857Z","success","info","job.created","system","system","System","job","5ec20f31-3aa2-4a0a-bf6e-bd4fc3ca2b93",,"job.created",
"cmr7bpmvy022bpvw8pt4p1z59","2026-07-05T05:01:08.255Z","success","info","job.completed","system","system","System","job","4925832d-9e05-42e9-ad53-5dc5f28d0d98",,"job.completed",
"cmr7bpmvs0229pvw82110lpsf","2026-07-05T05:01:08.248Z","success","info","job.started","system","system","System","job","4925832d-9e05-42e9-ad53-5dc5f28d0d98",,"job.started",
"cmr7bpmvt022apvw86vy23nwc","2026-07-05T05:01:08.248Z","success","info","schedule.triggered","system","system","System","schedule","core-heartbeat",,"schedule.triggered",
"cmr7bpmvj0228pvw8n8z8mi9g","2026-07-05T05:01:08.237Z","success","info","job.created","system","system","System","job","4925832d-9e05-42e9-ad53-5dc5f28d0d98",,"job.created",
"cmr7boc530227pvw80cg3bqan","2026-07-05T05:00:07.671Z","success","info","job.completed","system","system","System","job","e0e3e920-ff82-430e-9f36-ae76e91e3936",,"job.completed",
"cmr7boc4v0225pvw805pc8t2t","2026-07-05T05:00:07.663Z","success","info","job.started","system","system","System","job","e0e3e920-ff82-430e-9f36-ae76e91e3936",,"job.started",
"cmr7boc4x0226pvw8r0hj31vu","2026-07-05T05:00:07.663Z","success","info","schedule.triggered","system","system","System","schedule","core-heartbeat",,"schedule.triggered",
"cmr7boc4l0224pvw8u3ra9kvp","2026-07-05T05:00:07.651Z","success","info","job.created","system","system","System","job","e0e3e920-ff82-430e-9f36-ae76e91e3936",,"job.created",
"cmr7bn1cv0223pvw8iadov2c9","2026-07-05T04:59:07.040Z","success","info","job.completed","system","system","System","job","bbf0d9ef-bc0a-4ebb-af2d-f30eb322560b",,"job.completed",
"cmr7bn1cr0221pvw8735cpoaw","2026-07-05T04:59:07.035Z","success","info","job.started","system","system","System","job","bbf0d9ef-bc0a-4ebb-af2d-f30eb322560b",,"job.started",
"cmr7bn1cs0222pvw8mjhc4juf","2026-07-05T04:59:07.035Z","success","info","schedule.triggered","system","system","System","schedule","core-heartbeat",,"schedule.triggered",
"cmr7bn1cl0220pvw8qcibblc2","2026-07-05T04:59:07.028Z","success","info","job.created","system","system","System","job","bbf0d9ef-bc0a-4ebb-af2d-f30eb322560b",,"job.created",
"cmr7blqnn021ypvw8h5c1naxj","2026-07-05T04:58:06.515Z","success","info","job.completed","system","system","System","job","1227db4c-6d6b-4c93-8982-ea7d1af80e72",,"job.completed",
"cmr7blqni021xpvw8g7gzatyt","2026-07-05T04:58:06.510Z","success","info","job.started","system","system","System","job","1227db4c-6d6b-4c93-8982-ea7d1af80e72",,"job.started",
"cmr7blqo0021zpvw8440mt3eg","2026-07-05T04:58:06.510Z","success","info","schedule.triggered","system","system","System","schedule","core-heartbeat",,"schedule.triggered",
"cmr7blqn4021wpvw8aufz1ah4","2026-07-05T04:58:06.462Z","success","info","job.created","system","system","System","job","1227db4c-6d6b-4c93-8982-ea7d1af80e72",,"job.created",
"cmr7bkfvf021vpvw82g1ljmjn","2026-07-05T04:57:05.883Z","success","info","job.completed","system","system","System","job","a3a7a445-746c-4e60-a25b-9ed0d5527eb4",,"job.completed",
"cmr7bkfvb021tpvw8uucgqyqp","2026-07-05T04:57:05.880Z","success","info","job.started","system","system","System","job","a3a7a445-746c-4e60-a25b-9ed0d5527eb4",,"job.started",
"cmr7bkfvc021upvw8ylnjg2yy","2026-07-05T04:57:05.880Z","success","info","schedule.triggered","system","system","System","schedule","core-heartbeat",,"schedule.triggered",
"cmr7bkfv7021spvw8sxn34zza","2026-07-05T04:57:05.875Z","success","info","job.created","system","system","System","job","a3a7a445-746c-4e60-a25b-9ed0d5527eb4",,"job.created",
"cmr7bj54n021rpvw83ulv27p9","2026-07-05T04:56:05.304Z","success","info","job.completed","system","system","System","job","aed99516-d372-4bb4-8085-974eaa51c522",,"job.completed",
"cmr7bj54i021ppvw80uk32r9e","2026-07-05T04:56:05.298Z","success","info","job.started","system","system","System","job","aed99516-d372-4bb4-8085-974eaa51c522",,"job.started",
"cmr7bj54j021qpvw8xi5fujik","2026-07-05T04:56:05.298Z","success","info","schedule.triggered","system","system","System","schedule","core-heartbeat",,"schedule.triggered",
"cmr7bj548021opvw8reikxe3x","2026-07-05T04:56:05.288Z","success","info","job.created","system","system","System","job","aed99516-d372-4bb4-8085-974eaa51c522",,"job.created",
"cmr7bhuee021npvw8mcsz7mgg","2026-07-05T04:55:04.743Z","success","info","job.completed","system","system","System","job","bd278c15-c9f6-4b0e-99c1-a90121b5885a",,"job.completed",
"cmr7bhue8021lpvw8vfmk5211","2026-07-05T04:55:04.737Z","success","info","job.started","system","system","System","job","bd278c15-c9f6-4b0e-99c1-a90121b5885a",,"job.started",
"cmr7bhuea021mpvw8otmk7as5","2026-07-05T04:55:04.737Z","success","info","schedule.triggered","system","system","System","schedule","core-heartbeat",,"schedule.triggered",
"cmr7bhudy021kpvw8rdpizxem","2026-07-05T04:55:04.724Z","success","info","job.created","system","system","System","job","bd278c15-c9f6-4b0e-99c1-a90121b5885a",,"job.created",
"cmr7bgjnk021jpvw8lfa7rgzj","2026-07-05T04:54:04.161Z","success","info","job.completed","system","system","System","job","c0ef0052-3d11-436f-be3f-540a03ab19a6",,"job.completed",
"cmr7bgjn9021hpvw80po08bit","2026-07-05T04:54:04.149Z","success","info","job.started","system","system","System","job","c0ef0052-3d11-436f-be3f-540a03ab19a6",,"job.started",
"cmr7bgjnc021ipvw8npe5feyf","2026-07-05T04:54:04.149Z","success","info","schedule.triggered","system","system","System","schedule","core-heartbeat",,"schedule.triggered",
"cmr7bgjmv021gpvw8xs9g8kfn","2026-07-05T04:54:04.133Z","success","info","job.created","system","system","System","job","c0ef0052-3d11-436f-be3f-540a03ab19a6",,"job.created",
"cmr7bf8wg021epvw8ys2r9oh5","2026-07-05T04:53:03.569Z","success","info","job.completed","system","system","System","job","88dca9d2-e922-41aa-846d-9c9589427927",,"job.completed",
"cmr7bf8wd021dpvw8ufky51kn","2026-07-05T04:53:03.565Z","success","info","job.started","system","system","System","job","88dca9d2-e922-41aa-846d-9c9589427927",,"job.started",
"cmr7bf8wu021fpvw8oouk0b5l","2026-07-05T04:53:03.565Z","success","info","schedule.triggered","system","system","System","schedule","core-heartbeat",,"schedule.triggered",
"cmr7bf8w7021cpvw83g2ij5lp","2026-07-05T04:53:03.542Z","success","info","job.created","system","system","System","job","88dca9d2-e922-41aa-846d-9c9589427927",,"job.created",
"cmr7bdy5x021bpvw83bgp4obq","2026-07-05T04:52:02.998Z","success","info","job.completed","system","system","System","job","d48ba30a-c818-413a-ba0a-69c5ed4ef03a",,"job.completed",
"cmr7bdy5t0219pvw82bhil34m","2026-07-05T04:52:02.993Z","success","info","job.started","system","system","System","job","d48ba30a-c818-413a-ba0a-69c5ed4ef03a",,"job.started",
"cmr7bdy5u021apvw87hyce38t","2026-07-05T04:52:02.993Z","success","info","schedule.triggered","system","system","System","schedule","core-heartbeat",,"schedule.triggered",
"cmr7bdy5k0218pvw8pc0yw299","2026-07-05T04:52:02.983Z","success","info","job.created","system","system","System","job","d48ba30a-c818-413a-ba0a-69c5ed4ef03a",,"job.created",
"cmr7bcne20217pvw81q2b6iv3","2026-07-05T04:51:02.378Z","success","info","job.completed","system","system","System","job","ad66376a-7468-4edb-8595-bd6eb65696c6",,"job.completed",
"cmr7bcndx0215pvw8c74rys28","2026-07-05T04:51:02.373Z","success","info","job.started","system","system","System","job","ad66376a-7468-4edb-8595-bd6eb65696c6",,"job.started",
"cmr7bcndy0216pvw8kjfkk3m1","2026-07-05T04:51:02.373Z","success","info","schedule.triggered","system","system","System","schedule","core-heartbeat",,"schedule.triggered",
"cmr7bcndm0214pvw85g1yhf83","2026-07-05T04:51:02.361Z","success","info","job.created","system","system","System","job","ad66376a-7468-4edb-8595-bd6eb65696c6",,"job.created",
"cmr7bbcn80213pvw85kt5apm1","2026-07-05T04:50:01.797Z","success","info","job.completed","system","system","System","job","ccc1de4c-f387-4d84-919f-3e35656a8c4a",,"job.completed",
"cmr7bbcn20211pvw8ilzm7x5v","2026-07-05T04:50:01.791Z","success","info","job.started","system","system","System","job","ccc1de4c-f387-4d84-919f-3e35656a8c4a",,"job.started",
"cmr7bbcn30212pvw8lz9h7c66","2026-07-05T04:50:01.791Z","success","info","schedule.triggered","system","system","System","schedule","core-heartbeat",,"schedule.triggered",
"cmr7bbcmv0210pvw8dn609ukr","2026-07-05T04:50:01.782Z","success","info","job.created","system","system","System","job","ccc1de4c-f387-4d84-919f-3e35656a8c4a",,"job.created",
"cmr7ba1wu020zpvw8bhgljzlh","2026-07-05T04:49:01.231Z","success","info","job.completed","system","system","System","job","51764ae8-aff0-42eb-826b-f69a7ba36e2a",,"job.completed",
"cmr7ba1wr020xpvw816wc7qvv","2026-07-05T04:49:01.227Z","success","info","job.started","system","system","System","job","51764ae8-aff0-42eb-826b-f69a7ba36e2a",,"job.started",
"cmr7ba1ws020ypvw8jqmk0jdl","2026-07-05T04:49:01.227Z","success","info","schedule.triggered","system","system","System","schedule","core-heartbeat",,"schedule.triggered",
"cmr7ba1wi020wpvw81x6fkay5","2026-07-05T04:49:01.217Z","success","info","job.created","system","system","System","job","51764ae8-aff0-42eb-826b-f69a7ba36e2a",,"job.created",
"cmr7b8r6a020upvw8yg3n8zni","2026-07-05T04:48:00.658Z","success","info","job.completed","system","system","System","job","76c6f766-adba-4752-81f5-fe9d7c7390cb",,"job.completed",
"cmr7b8r64020tpvw8ti7zssnz","2026-07-05T04:48:00.653Z","success","info","job.started","system","system","System","job","76c6f766-adba-4752-81f5-fe9d7c7390cb",,"job.started",
"cmr7b8r6n020vpvw8m8zg7wc1","2026-07-05T04:48:00.653Z","success","info","schedule.triggered","system","system","System","schedule","core-heartbeat",,"schedule.triggered",
"cmr7b8r5t020spvw8wsegp0tj","2026-07-05T04:48:00.622Z","success","info","job.created","system","system","System","job","76c6f766-adba-4752-81f5-fe9d7c7390cb",,"job.created",
"cmr7b7get020rpvw8bsdbfyyd","2026-07-05T04:47:00.054Z","success","info","job.completed","system","system","System","job","4310f33d-9cf8-4b71-9d4e-b1b3c242149a",,"job.completed",
"cmr7b7geq020qpvw8xvwnrnm0","2026-07-05T04:47:00.050Z","success","info","schedule.triggered","system","system","System","schedule","core-heartbeat",,"schedule.triggered",
"cmr7b7gep020ppvw86n6k3yb6","2026-07-05T04:47:00.050Z","success","info","job.started","system","system","System","job","4310f33d-9cf8-4b71-9d4e-b1b3c242149a",,"job.started",
"cmr7b7gek020opvw82d9chx59","2026-07-05T04:47:00.043Z","success","info","job.created","system","system","System","job","4310f33d-9cf8-4b71-9d4e-b1b3c242149a",,"job.created",
"cmr7b65nn020npvw8xdsl9qk3","2026-07-05T04:45:59.460Z","success","info","job.completed","system","system","System","job","bc443b93-533c-4707-be2c-03a68578bbb4",,"job.completed",
"cmr7b65nj020mpvw8xaajgown","2026-07-05T04:45:59.454Z","success","info","schedule.triggered","system","system","System","schedule","core-heartbeat",,"schedule.triggered",
"cmr7b65nh020lpvw8m3ecx1kh","2026-07-05T04:45:59.454Z","success","info","job.started","system","system","System","job","bc443b93-533c-4707-be2c-03a68578bbb4",,"job.started",
"cmr7b65n5020kpvw8omv030gw","2026-07-05T04:45:59.437Z","success","info","job.created","system","system","System","job","bc443b93-533c-4707-be2c-03a68578bbb4",,"job.created",
"cmr7b4uvy020jpvw8hpmsoidu","2026-07-05T04:44:58.846Z","success","info","job.completed","system","system","System","job","67a5c2e9-4a31-4ac3-9758-d983fe5fb12e",,"job.completed",
"cmr7b4uvt020hpvw86t0clo92","2026-07-05T04:44:58.841Z","success","info","schedule.triggered","system","system","System","schedule","core-heartbeat",,"schedule.triggered",
"cmr7b4uvu020ipvw8f9q58532","2026-07-05T04:44:58.841Z","success","info","job.started","system","system","System","job","67a5c2e9-4a31-4ac3-9758-d983fe5fb12e",,"job.started",
"cmr7b4uvj020gpvw8mbl9frne","2026-07-05T04:44:58.831Z","success","info","job.created","system","system","System","job","67a5c2e9-4a31-4ac3-9758-d983fe5fb12e",,"job.created",
"cmr7b3k5d020fpvw8ca4kz5jl","2026-07-05T04:43:58.273Z","success","info","job.completed","system","system","System","job","6727aec8-f7d1-4627-ae9d-c0723ea3cff4",,"job.completed",
"cmr7b3k54020dpvw8ap9p7p0z","2026-07-05T04:43:58.264Z","success","info","job.started","system","system","System","job","6727aec8-f7d1-4627-ae9d-c0723ea3cff4",,"job.started",
"cmr7b3k57020epvw82gf3lqnv","2026-07-05T04:43:58.264Z","success","info","schedule.triggered","system","system","System","schedule","core-heartbeat",,"schedule.triggered",
"cmr7b3k4u020cpvw8ewij0u7z","2026-07-05T04:43:58.252Z","success","info","job.created","system","system","System","job","6727aec8-f7d1-4627-ae9d-c0723ea3cff4",,"job.created",
"cmr7b29e9020apvw8eve2uhih","2026-07-05T04:42:57.681Z","success","info","job.completed","system","system","System","job","1d365bbd-fb5c-418d-ac25-27614abd6d4a",,"job.completed",
"cmr7b29e50209pvw85j51f0gy","2026-07-05T04:42:57.678Z","success","info","job.started","system","system","System","job","1d365bbd-fb5c-418d-ac25-27614abd6d4a",,"job.started",
"cmr7b29ex020bpvw8zh7j61on","2026-07-05T04:42:57.678Z","success","info","schedule.triggered","system","system","System","schedule","core-heartbeat",,"schedule.triggered",
"cmr7b29dv0208pvw83w92p00f","2026-07-05T04:42:57.636Z","success","info","job.created","system","system","System","job","1d365bbd-fb5c-418d-ac25-27614abd6d4a",,"job.created",
"cmr7b0ylw0207pvw87yfh1ha8","2026-07-05T04:41:57.044Z","success","info","job.completed","system","system","System","job","9b68a21d-17c8-48d1-a558-285d495956c2",,"job.completed",
"cmr7b0ylq0205pvw83rpj8a5j","2026-07-05T04:41:57.038Z","success","info","job.started","system","system","System","job","9b68a21d-17c8-48d1-a558-285d495956c2",,"job.started",
"cmr7b0ylr0206pvw8bcutyhfk","2026-07-05T04:41:57.038Z","success","info","schedule.triggered","system","system","System","schedule","core-heartbeat",,"schedule.triggered",
"cmr7b0ylk0204pvw8jqacsr93","2026-07-05T04:41:57.031Z","success","info","job.created","system","system","System","job","9b68a21d-17c8-48d1-a558-285d495956c2",,"job.created",
"cmr7aznvn0203pvw8fm8cvt8y","2026-07-05T04:40:56.483Z","success","info","job.completed","system","system","System","job","dd7d6302-cf03-476a-b081-01cf34fb391d",,"job.completed",
"cmr7aznvj0201pvw8u0iahbta","2026-07-05T04:40:56.479Z","success","info","job.started","system","system","System","job","dd7d6302-cf03-476a-b081-01cf34fb391d",,"job.started",
"cmr7aznvk0202pvw8nq00950x","2026-07-05T04:40:56.479Z","success","info","schedule.triggered","system","system","System","schedule","core-heartbeat",,"schedule.triggered",
"cmr7aznv90200pvw8d7lavh9j","2026-07-05T04:40:56.468Z","success","info","job.created","system","system","System","job","dd7d6302-cf03-476a-b081-01cf34fb391d",,"job.created",
"cmr7ayd4h01zzpvw8gpxgvqx3","2026-07-05T04:39:55.889Z","success","info","job.completed","system","system","System","job","d736b8ec-9eab-4696-9464-c54e8b641dbe",,"job.completed",
"cmr7ayd4701zxpvw8q83hinhu","2026-07-05T04:39:55.880Z","success","info","job.started","system","system","System","job","d736b8ec-9eab-4696-9464-c54e8b641dbe",,"job.started",
"cmr7ayd4b01zypvw899xbr2y1","2026-07-05T04:39:55.880Z","success","info","schedule.triggered","system","system","System","schedule","core-heartbeat",,"schedule.triggered",
"cmr7ayd3x01zwpvw81z492047","2026-07-05T04:39:55.867Z","success","info","job.created","system","system","System","job","d736b8ec-9eab-4696-9464-c54e8b641dbe",,"job.created",
"cmr7ax2ds01zvpvw87eex1n94","2026-07-05T04:38:55.313Z","success","info","job.completed","system","system","System","job","aa9bf360-4746-44b6-96b6-b5adfbd478f6",,"job.completed",
"cmr7ax2dl01ztpvw8bsejuju6","2026-07-05T04:38:55.306Z","success","info","job.started","system","system","System","job","aa9bf360-4746-44b6-96b6-b5adfbd478f6",,"job.started",
"cmr7ax2dn01zupvw8wlg0uea7","2026-07-05T04:38:55.306Z","success","info","schedule.triggered","system","system","System","schedule","core-heartbeat",,"schedule.triggered",
"cmr7ax2db01zspvw8n6oc8dbz","2026-07-05T04:38:55.294Z","success","info","job.created","system","system","System","job","aa9bf360-4746-44b6-96b6-b5adfbd478f6",,"job.created",
"cmr7avrmn01zqpvw8ddp9x4a4","2026-07-05T04:37:54.719Z","success","info","job.completed","system","system","System","job","4c80acf1-f1be-419c-9591-ad125a1440b9",,"job.completed",
"cmr7avrmh01zppvw8rpt27h8n","2026-07-05T04:37:54.714Z","success","info","job.started","system","system","System","job","4c80acf1-f1be-419c-9591-ad125a1440b9",,"job.started",
"cmr7avrmz01zrpvw88qe21heo","2026-07-05T04:37:54.714Z","success","info","schedule.triggered","system","system","System","schedule","core-heartbeat",,"schedule.triggered",
"cmr7avrm901zopvw8z4snzyez","2026-07-05T04:37:54.689Z","success","info","job.created","system","system","System","job","4c80acf1-f1be-419c-9591-ad125a1440b9",,"job.created",
"cmr7auguk01znpvw8egzjpny5","2026-07-05T04:36:54.092Z","success","info","job.completed","system","system","System","job","96f618ad-8306-4cfe-822c-1176e80a0414",,"job.completed",
"cmr7auguh01zlpvw864u0euzd","2026-07-05T04:36:54.089Z","success","info","job.started","system","system","System","job","96f618ad-8306-4cfe-822c-1176e80a0414",,"job.started",
"cmr7augui01zmpvw88s9wb2si","2026-07-05T04:36:54.089Z","success","info","schedule.triggered","system","system","System","schedule","core-heartbeat",,"schedule.triggered",
"cmr7auguc01zkpvw8ui74ngpq","2026-07-05T04:36:54.083Z","success","info","job.created","system","system","System","job","96f618ad-8306-4cfe-822c-1176e80a0414",,"job.created",
"cmr7at64601zjpvw8nav6qjvf","2026-07-05T04:35:53.526Z","success","info","job.completed","system","system","System","job","2324711b-1112-4c45-b674-a30b122452e3",,"job.completed",
"cmr7at63x01zhpvw8z3imkyvz","2026-07-05T04:35:53.517Z","success","info","job.started","system","system","System","job","2324711b-1112-4c45-b674-a30b122452e3",,"job.started",
"cmr7at64001zipvw8655eguwp","2026-07-05T04:35:53.517Z","success","info","schedule.triggered","system","system","System","schedule","core-heartbeat",,"schedule.triggered",
"cmr7at63s01zgpvw8ci213ezm","2026-07-05T04:35:53.511Z","success","info","job.created","system","system","System","job","2324711b-1112-4c45-b674-a30b122452e3",,"job.created",
"cmr7arvd901zfpvw8lirox158","2026-07-05T04:34:52.942Z","success","info","job.completed","system","system","System","job","f13753f0-714c-4276-8d7a-50ebe25d10f9",,"job.completed",
"cmr7arvd301zdpvw8ceak8lx7","2026-07-05T04:34:52.935Z","success","info","job.started","system","system","System","job","f13753f0-714c-4276-8d7a-50ebe25d10f9",,"job.started",
"cmr7arvd401zepvw8m56avylm","2026-07-05T04:34:52.935Z","success","info","schedule.triggered","system","system","System","schedule","core-heartbeat",,"schedule.triggered",
"cmr7arvcv01zcpvw8x1uhlr91","2026-07-05T04:34:52.926Z","success","info","job.created","system","system","System","job","f13753f0-714c-4276-8d7a-50ebe25d10f9",,"job.created",
"cmr7aqkm601zbpvw8gxrfjv8c","2026-07-05T04:33:52.350Z","success","info","job.completed","system","system","System","job","cf0f6f7d-7275-47a3-adb8-fff9207ca846",,"job.completed",
"cmr7aqkm201z9pvw8efib0z15","2026-07-05T04:33:52.346Z","success","info","job.started","system","system","System","job","cf0f6f7d-7275-47a3-adb8-fff9207ca846",,"job.started",
"cmr7aqkm301zapvw8dzktp8rw","2026-07-05T04:33:52.346Z","success","info","schedule.triggered","system","system","System","schedule","core-heartbeat",,"schedule.triggered",
"cmr7aqkls01z8pvw8sqbdkxyx","2026-07-05T04:33:52.335Z","success","info","job.created","system","system","System","job","cf0f6f7d-7275-47a3-adb8-fff9207ca846",,"job.created",
"cmr7ap9uw01z6pvw8dkiikr5n","2026-07-05T04:32:51.752Z","success","info","job.completed","system","system","System","job","81b84378-3299-4721-aad8-8d073a8061df",,"job.completed",
"cmr7ap9uq01z5pvw8xwm2r8e7","2026-07-05T04:32:51.747Z","success","info","job.started","system","system","System","job","81b84378-3299-4721-aad8-8d073a8061df",,"job.started",
"cmr7ap9va01z7pvw80x0tnstg","2026-07-05T04:32:51.747Z","success","info","schedule.triggered","system","system","System","schedule","core-heartbeat",,"schedule.triggered",
"cmr7ap9ui01z4pvw8ywr1tlg2","2026-07-05T04:32:51.719Z","success","info","job.created","system","system","System","job","81b84378-3299-4721-aad8-8d073a8061df",,"job.created",
"cmr7anz4r01z3pvw87y9xmkam","2026-07-05T04:31:51.196Z","success","info","job.completed","system","system","System","job","62a4f426-eb4f-4e22-8771-973bcf877c86",,"job.completed",
"cmr7anz4e01z1pvw8585zjt7v","2026-07-05T04:31:51.183Z","success","info","job.started","system","system","System","job","62a4f426-eb4f-4e22-8771-973bcf877c86",,"job.started",
"cmr7anz4f01z2pvw8z1gm6uv9","2026-07-05T04:31:51.183Z","success","info","schedule.triggered","system","system","System","schedule","core-heartbeat",,"schedule.triggered",
"cmr7anz4601z0pvw8v88bi95j","2026-07-05T04:31:51.173Z","success","info","job.created","system","system","System","job","62a4f426-eb4f-4e22-8771-973bcf877c86",,"job.created",
"cmr7amod201yzpvw8lvi4o8xo","2026-07-05T04:30:50.582Z","success","info","job.completed","system","system","System","job","f9d7182d-c9fb-451d-a6f4-b0add6736c60",,"job.completed",
"cmr7amocx01yxpvw87so2nfgg","2026-07-05T04:30:50.577Z","success","info","schedule.triggered","system","system","System","schedule","core-heartbeat",,"schedule.triggered",
"cmr7amocy01yypvw8xl1kvztc","2026-07-05T04:30:50.577Z","success","info","job.started","system","system","System","job","f9d7182d-c9fb-451d-a6f4-b0add6736c60",,"job.started",
"cmr7amocs01ywpvw8shcjur2i","2026-07-05T04:30:50.571Z","success","info","job.created","system","system","System","job","f9d7182d-c9fb-451d-a6f4-b0add6736c60",,"job.created",
"cmr7aldmk01yvpvw898511kkg","2026-07-05T04:29:50.012Z","success","info","job.completed","system","system","System","job","24099bd5-ea7b-4adf-9a17-1aa9de18440a",,"job.completed",
"cmr7aldma01ytpvw8c013t6fk","2026-07-05T04:29:50.002Z","success","info","job.started","system","system","System","job","24099bd5-ea7b-4adf-9a17-1aa9de18440a",,"job.started",
"cmr7aldmd01yupvw8etjtin02","2026-07-05T04:29:50.002Z","success","info","schedule.triggered","system","system","System","schedule","core-heartbeat",,"schedule.triggered",
"cmr7aldlu01yspvw83mjyi25e","2026-07-05T04:29:49.983Z","success","info","job.created","system","system","System","job","24099bd5-ea7b-4adf-9a17-1aa9de18440a",,"job.created",
"cmr7ak2vw01yrpvw8nfv9kqow","2026-07-05T04:28:49.436Z","success","info","job.completed","system","system","System","job","d5701ae4-dd24-43f1-934e-f1b722f0ec3b",,"job.completed",
"cmr7ak2vp01yppvw8h8tjiyy2","2026-07-05T04:28:49.429Z","success","info","job.started","system","system","System","job","d5701ae4-dd24-43f1-934e-f1b722f0ec3b",,"job.started",
"cmr7ak2vq01yqpvw8ctyoe8yf","2026-07-05T04:28:49.429Z","success","info","schedule.triggered","system","system","System","schedule","core-heartbeat",,"schedule.triggered",
"cmr7ak2vg01yopvw8y9cqx7zd","2026-07-05T04:28:49.419Z","success","info","job.created","system","system","System","job","d5701ae4-dd24-43f1-934e-f1b722f0ec3b",,"job.created",
"cmr7ais6o01ympvw8oxr7qisn","2026-07-05T04:27:48.913Z","success","info","job.completed","system","system","System","job","534edc1e-35c5-4bdf-9689-f091a5383859",,"job.completed",
"cmr7ais6k01ylpvw8rgyrkf14","2026-07-05T04:27:48.908Z","success","info","job.started","system","system","System","job","534edc1e-35c5-4bdf-9689-f091a5383859",,"job.started",
"cmr7ais7701ynpvw87xghhepp","2026-07-05T04:27:48.908Z","success","info","schedule.triggered","system","system","System","schedule","core-heartbeat",,"schedule.triggered",
"cmr7ais6c01ykpvw8f08htooz","2026-07-05T04:27:48.837Z","success","info","job.created","system","system","System","job","534edc1e-35c5-4bdf-9689-f091a5383859",,"job.created",
"cmr7ahhee01yjpvw8kzvtbrcc","2026-07-05T04:26:48.279Z","success","info","job.completed","system","system","System","job","b0ba8d14-63cf-4713-91d4-267e1236bb2a",,"job.completed",
"cmr7ahheb01yhpvw88v141m6k","2026-07-05T04:26:48.276Z","success","info","job.started","system","system","System","job","b0ba8d14-63cf-4713-91d4-267e1236bb2a",,"job.started",
"cmr7ahhec01yipvw8hrj5z2f8","2026-07-05T04:26:48.276Z","success","info","schedule.triggered","system","system","System","schedule","core-heartbeat",,"schedule.triggered",
"cmr7ahhe601ygpvw8cs12d5bq","2026-07-05T04:26:48.269Z","success","info","job.created","system","system","System","job","b0ba8d14-63cf-4713-91d4-267e1236bb2a",,"job.created",
"cmr7ag6o701yfpvw84ouo3iar","2026-07-05T04:25:47.719Z","success","info","job.completed","system","system","System","job","2769166a-fcc3-4f53-b86f-39e7ff87a144",,"job.completed",
"cmr7ag6o101ydpvw82wekwvxr","2026-07-05T04:25:47.714Z","success","info","job.started","system","system","System","job","2769166a-fcc3-4f53-b86f-39e7ff87a144",,"job.started",
"cmr7ag6o201yepvw8cwjfk127","2026-07-05T04:25:47.714Z","success","info","schedule.triggered","system","system","System","schedule","core-heartbeat",,"schedule.triggered",
"cmr7ag6nv01ycpvw887osq25c","2026-07-05T04:25:47.706Z","success","info","job.created","system","system","System","job","2769166a-fcc3-4f53-b86f-39e7ff87a144",,"job.created",
"cmr7aevvl01ybpvw82n90ri3g","2026-07-05T04:24:47.074Z","success","info","job.completed","system","system","System","job","f184dfce-20b8-4435-8fb9-d8a48ee0c623",,"job.completed",
"cmr7aevvg01y9pvw8byxq2hp9","2026-07-05T04:24:47.069Z","success","info","job.started","system","system","System","job","f184dfce-20b8-4435-8fb9-d8a48ee0c623",,"job.started",
"cmr7aevvh01yapvw8w4mslitx","2026-07-05T04:24:47.069Z","success","info","schedule.triggered","system","system","System","schedule","core-heartbeat",,"schedule.triggered",
"cmr7aevv701y8pvw8qy3as1oz","2026-07-05T04:24:47.058Z","success","info","job.created","system","system","System","job","f184dfce-20b8-4435-8fb9-d8a48ee0c623",,"job.created",
"cmr7adl4f01y7pvw8lxfjlc3y","2026-07-05T04:23:46.479Z","success","info","job.completed","system","system","System","job","8640cfc2-8819-4b39-81e1-25898f61ca31",,"job.completed",
"cmr7adl4901y5pvw8rx3uau5w","2026-07-05T04:23:46.474Z","success","info","job.started","system","system","System","job","8640cfc2-8819-4b39-81e1-25898f61ca31",,"job.started",
"cmr7adl4b01y6pvw87dilpgjo","2026-07-05T04:23:46.474Z","success","info","schedule.triggered","system","system","System","schedule","core-heartbeat",,"schedule.triggered",
"cmr7adl4001y4pvw8rum4ng09","2026-07-05T04:23:46.464Z","success","info","job.created","system","system","System","job","8640cfc2-8819-4b39-81e1-25898f61ca31",,"job.created",
"cmr7acad301y2pvw8oxl0f6u0","2026-07-05T04:22:45.880Z","success","info","job.completed","system","system","System","job","1d485a52-36be-45d9-a034-1f341b4566ce",,"job.completed",
"cmr7acacy01y1pvw8077kjlbf","2026-07-05T04:22:45.874Z","success","info","job.started","system","system","System","job","1d485a52-36be-45d9-a034-1f341b4566ce",,"job.started",
"cmr7acadg01y3pvw8h43ouofr","2026-07-05T04:22:45.874Z","success","info","schedule.triggered","system","system","System","schedule","core-heartbeat",,"schedule.triggered",
"cmr7acaco01y0pvw8altc0cla","2026-07-05T04:22:45.845Z","success","info","job.created","system","system","System","job","1d485a52-36be-45d9-a034-1f341b4566ce",,"job.created",
"cmr7aazlc01xzpvw83q0rzac3","2026-07-05T04:21:45.265Z","success","info","job.completed","system","system","System","job","8fd1f04b-ba7e-4127-ba7e-e26ce9f6706a",,"job.completed",
"cmr7aazl801xypvw8eijsxb6m","2026-07-05T04:21:45.259Z","success","info","schedule.triggered","system","system","System","schedule","core-heartbeat",,"schedule.triggered",
"cmr7aazl701xxpvw8yw5tsv5i","2026-07-05T04:21:45.259Z","success","info","job.started","system","system","System","job","8fd1f04b-ba7e-4127-ba7e-e26ce9f6706a",,"job.started",
"cmr7aazl001xwpvw8p8bl1vkk","2026-07-05T04:21:45.252Z","success","info","job.created","system","system","System","job","8fd1f04b-ba7e-4127-ba7e-e26ce9f6706a",,"job.created",
"cmr7a9otb01xvpvw8vesdyhnd","2026-07-05T04:20:44.639Z","success","info","job.completed","system","system","System","job","7050737a-c107-455e-91f1-454c31a83beb",,"job.completed",
"cmr7a9ot801xupvw8dmjkarth","2026-07-05T04:20:44.635Z","success","info","schedule.triggered","system","system","System","schedule","core-heartbeat",,"schedule.triggered",
"cmr7a9ot701xtpvw8h7n61bkt","2026-07-05T04:20:44.635Z","success","info","job.started","system","system","System","job","7050737a-c107-455e-91f1-454c31a83beb",,"job.started",
"cmr7a9ot001xspvw8s6tfkpxz","2026-07-05T04:20:44.628Z","success","info","job.created","system","system","System","job","7050737a-c107-455e-91f1-454c31a83beb",,"job.created",
"cmr7a8e1p01xrpvw8fdrki2ln","2026-07-05T04:19:44.030Z","success","info","job.completed","system","system","System","job","01b45d68-b53c-4b0b-931a-02f2627e94dd",,"job.completed",
"cmr7a8e1h01xppvw89o89mv1u","2026-07-05T04:19:44.022Z","success","info","schedule.triggered","system","system","System","schedule","core-heartbeat",,"schedule.triggered",
"cmr7a8e1i01xqpvw8hyex12qn","2026-07-05T04:19:44.022Z","success","info","job.started","system","system","System","job","01b45d68-b53c-4b0b-931a-02f2627e94dd",,"job.started",
"cmr7a8e1c01xopvw8fkwflqtl","2026-07-05T04:19:44.015Z","success","info","job.created","system","system","System","job","01b45d68-b53c-4b0b-931a-02f2627e94dd",,"job.created",
"cmr7a73b301xnpvw8gunswnzi","2026-07-05T04:18:43.455Z","success","info","job.completed","system","system","System","job","69cb67a0-ac28-4672-bd8c-fcd372f99c13",,"job.completed",
"cmr7a73ax01xlpvw832q1uz5w","2026-07-05T04:18:43.450Z","success","info","job.started","system","system","System","job","69cb67a0-ac28-4672-bd8c-fcd372f99c13",,"job.started",
"cmr7a73ay01xmpvw8nm8eikzt","2026-07-05T04:18:43.450Z","success","info","schedule.triggered","system","system","System","schedule","core-heartbeat",,"schedule.triggered",
"cmr7a73ap01xkpvw8oew0q8cc","2026-07-05T04:18:43.441Z","success","info","job.created","system","system","System","job","69cb67a0-ac28-4672-bd8c-fcd372f99c13",,"job.created",
"cmr7a5slz01xipvw8q5x77aho","2026-07-05T04:17:42.936Z","success","info","job.completed","system","system","System","job","356b08d8-8627-49af-99d9-3ac0cee9f7bf",,"job.completed",
"cmr7a5slu01xhpvw80cvjdb6z","2026-07-05T04:17:42.930Z","success","info","job.started","system","system","System","job","356b08d8-8627-49af-99d9-3ac0cee9f7bf",,"job.started",
"cmr7a5smb01xjpvw8456czkii","2026-07-05T04:17:42.930Z","success","info","schedule.triggered","system","system","System","schedule","core-heartbeat",,"schedule.triggered",
"cmr7a5slm01xgpvw88yrne5bl","2026-07-05T04:17:42.905Z","success","info","job.created","system","system","System","job","356b08d8-8627-49af-99d9-3ac0cee9f7bf",,"job.created",
"cmr7a4huw01xfpvw8owiyrlti","2026-07-05T04:16:42.344Z","success","info","job.completed","system","system","System","job","9f85e1b9-c639-49b1-90be-cde0928dc171",,"job.completed",
"cmr7a4huq01xdpvw80hihwo0z","2026-07-05T04:16:42.339Z","success","info","job.started","system","system","System","job","9f85e1b9-c639-49b1-90be-cde0928dc171",,"job.started",
"cmr7a4hur01xepvw8syoavwxk","2026-07-05T04:16:42.339Z","success","info","schedule.triggered","system","system","System","schedule","core-heartbeat",,"schedule.triggered",
"cmr7a4huk01xcpvw8d3wsnlm5","2026-07-05T04:16:42.332Z","success","info","job.created","system","system","System","job","9f85e1b9-c639-49b1-90be-cde0928dc171",,"job.created",
"cmr7a375u01xbpvw8g4abdj80","2026-07-05T04:15:41.826Z","success","info","job.completed","system","system","System","job","be45122a-d286-4121-835b-61449670184e",,"job.completed",
"cmr7a375j01x9pvw8z8519d80","2026-07-05T04:15:41.816Z","success","info","job.started","system","system","System","job","be45122a-d286-4121-835b-61449670184e",,"job.started",
"cmr7a375n01xapvw8rkooupya","2026-07-05T04:15:41.816Z","success","info","schedule.triggered","system","system","System","schedule","core-heartbeat",,"schedule.triggered",
"cmr7a375601x8pvw8vjjcz2ai","2026-07-05T04:15:41.799Z","success","info","job.created","system","system","System","job","be45122a-d286-4121-835b-61449670184e",,"job.created",
"cmr7a1wgc01x7pvw86moshz1r","2026-07-05T04:14:41.293Z","success","info","job.completed","system","system","System","job","51906d22-b6ff-4014-8420-f610153660d6",,"job.completed",
"cmr7a1wg901x5pvw8kvf9b5pb","2026-07-05T04:14:41.290Z","success","info","job.started","system","system","System","job","51906d22-b6ff-4014-8420-f610153660d6",,"job.started",
"cmr7a1wga01x6pvw8g4spayds","2026-07-05T04:14:41.290Z","success","info","schedule.triggered","system","system","System","schedule","core-heartbeat",,"schedule.triggered",
"cmr7a1wg501x4pvw8gxce0jv4","2026-07-05T04:14:41.284Z","success","info","job.created","system","system","System","job","51906d22-b6ff-4014-8420-f610153660d6",,"job.created",
"cmr7a0lr701x3pvw80ymwi695","2026-07-05T04:13:40.772Z","success","info","job.completed","system","system","System","job","d95e73a7-6056-4295-b407-0e6686c320da",,"job.completed",
"cmr7a0lqw01x1pvw86393ikf4","2026-07-05T04:13:40.761Z","success","info","schedule.triggered","system","system","System","schedule","core-heartbeat",,"schedule.triggered",
"cmr7a0lr001x2pvw8ns5uhclu","2026-07-05T04:13:40.761Z","success","info","job.started","system","system","System","job","d95e73a7-6056-4295-b407-0e6686c320da",,"job.started",
"cmr7a0lqj01x0pvw81rsxga2r","2026-07-05T04:13:40.744Z","success","info","job.created","system","system","System","job","d95e73a7-6056-4295-b407-0e6686c320da",,"job.created",
"cmr79zb1g01wypvw8juovbzzf","2026-07-05T04:12:40.229Z","success","info","job.completed","system","system","System","job","f090c736-25a0-4b34-acdc-ca4456cf1121",,"job.completed",
"cmr79zb1c01wxpvw8zpchiz7g","2026-07-05T04:12:40.225Z","success","info","job.started","system","system","System","job","f090c736-25a0-4b34-acdc-ca4456cf1121",,"job.started",
"cmr79zb1z01wzpvw89e5b5v6j","2026-07-05T04:12:40.225Z","success","info","schedule.triggered","system","system","System","schedule","core-heartbeat",,"schedule.triggered",
"cmr79zb1501wwpvw8d47ivzbx","2026-07-05T04:12:40.194Z","success","info","job.created","system","system","System","job","f090c736-25a0-4b34-acdc-ca4456cf1121",,"job.created",
"cmr79y0ak01wvpvw8ceh8n9re","2026-07-05T04:11:39.645Z","success","info","job.completed","system","system","System","job","1695e890-93ca-42fa-ba29-507703320a48",,"job.completed",
"cmr79y0ah01wtpvw8gzuwg2xw","2026-07-05T04:11:39.641Z","success","info","job.started","system","system","System","job","1695e890-93ca-42fa-ba29-507703320a48",,"job.started",
"cmr79y0ai01wupvw8qj69fyii","2026-07-05T04:11:39.641Z","success","info","schedule.triggered","system","system","System","schedule","core-heartbeat",,"schedule.triggered",
"cmr79y0ac01wspvw8fp2xzd18","2026-07-05T04:11:39.636Z","success","info","job.created","system","system","System","job","1695e890-93ca-42fa-ba29-507703320a48",,"job.created",
"cmr79wpl901wrpvw8qjynryto","2026-07-05T04:10:39.117Z","success","info","job.completed","system","system","System","job","0d6bee83-2813-4b81-9782-ebef1efd8f5b",,"job.completed",
"cmr79wpl501wppvw81y9sqxg6","2026-07-05T04:10:39.114Z","success","info","job.started","system","system","System","job","0d6bee83-2813-4b81-9782-ebef1efd8f5b",,"job.started",
"cmr79wpl601wqpvw8rcj3yyrz","2026-07-05T04:10:39.114Z","success","info","schedule.triggered","system","system","System","schedule","core-heartbeat",,"schedule.triggered",
"cmr79wpkw01wopvw8s3l4jb4l","2026-07-05T04:10:39.103Z","success","info","job.created","system","system","System","job","0d6bee83-2813-4b81-9782-ebef1efd8f5b",,"job.created",
"cmr79veuv01wnpvw8rdx4v2gh","2026-07-05T04:09:38.551Z","success","info","job.completed","system","system","System","job","6bf27e95-a48f-4961-8373-f18b0c884a8a",,"job.completed",
"cmr79veus01wlpvw81fcuq2an","2026-07-05T04:09:38.548Z","success","info","job.started","system","system","System","job","6bf27e95-a48f-4961-8373-f18b0c884a8a",,"job.started",
"cmr79veus01wmpvw8io0p3l1s","2026-07-05T04:09:38.548Z","success","info","schedule.triggered","system","system","System","schedule","core-heartbeat",,"schedule.triggered",
"cmr79veuo01wkpvw8g3cggdcb","2026-07-05T04:09:38.544Z","success","info","job.created","system","system","System","job","6bf27e95-a48f-4961-8373-f18b0c884a8a",,"job.created",
"cmr79u45u01wjpvw8s2zax4ni","2026-07-05T04:08:38.034Z","success","info","job.completed","system","system","System","job","ab64eb0f-f4fa-4ae8-acc6-0dfcd505f674",,"job.completed",
"cmr79u45l01whpvw8up343e58","2026-07-05T04:08:38.025Z","success","info","job.started","system","system","System","job","ab64eb0f-f4fa-4ae8-acc6-0dfcd505f674",,"job.started",
"cmr79u45n01wipvw8peutlzza","2026-07-05T04:08:38.025Z","success","info","schedule.triggered","system","system","System","schedule","core-heartbeat",,"schedule.triggered",
"cmr79u45601wgpvw8mi0n4170","2026-07-05T04:08:38.008Z","success","info","job.created","system","system","System","job","ab64eb0f-f4fa-4ae8-acc6-0dfcd505f674",,"job.created",
"cmr79sthm01wfpvw8xl2r4yne","2026-07-05T04:07:37.547Z","success","info","job.completed","system","system","System","job","40c0a990-7902-4bfa-9809-201fd3c24a4f",,"job.completed",
"cmr79stgx01wdpvw8m3wuhfsw","2026-07-05T04:07:37.522Z","success","info","schedule.triggered","system","system","System","schedule","core-heartbeat",,"schedule.triggered",
"cmr79sthg01wepvw8vffmr1wg","2026-07-05T04:07:37.522Z","success","info","job.started","system","system","System","job","40c0a990-7902-4bfa-9809-201fd3c24a4f",,"job.started",
"cmr79stgp01wcpvw8x0m18la8","2026-07-05T04:07:37.490Z","success","info","job.created","system","system","System","job","40c0a990-7902-4bfa-9809-201fd3c24a4f",,"job.created",
"cmr79riqx01wbpvw890uhwdl0","2026-07-05T04:06:36.969Z","success","info","job.completed","system","system","System","job","edb970c5-c8f5-4a2a-94a6-65860f519c7b",,"job.completed",
"cmr79riqs01w9pvw89qmae8cx","2026-07-05T04:06:36.964Z","success","info","job.started","system","system","System","job","edb970c5-c8f5-4a2a-94a6-65860f519c7b",,"job.started",
"cmr79riqs01wapvw8a7xtxuy8","2026-07-05T04:06:36.964Z","success","info","schedule.triggered","system","system","System","schedule","core-heartbeat",,"schedule.triggered",
"cmr79riqi01w8pvw8sbkzhidg","2026-07-05T04:06:36.953Z","success","info","job.created","system","system","System","job","edb970c5-c8f5-4a2a-94a6-65860f519c7b",,"job.created",
"cmr79q81k01w7pvw8zy5erb6u","2026-07-05T04:05:36.440Z","success","info","job.completed","system","system","System","job","55881dfb-a20e-4178-9813-bba2bc3b45dd",,"job.completed",
"cmr79q81e01w5pvw8s7usct0h","2026-07-05T04:05:36.435Z","success","info","job.started","system","system","System","job","55881dfb-a20e-4178-9813-bba2bc3b45dd",,"job.started",
"cmr79q81f01w6pvw8jzn436gr","2026-07-05T04:05:36.435Z","success","info","schedule.triggered","system","system","System","schedule","core-heartbeat",,"schedule.triggered",
"cmr79q81501w4pvw87n09y3d8","2026-07-05T04:05:36.424Z","success","info","job.created","system","system","System","job","55881dfb-a20e-4178-9813-bba2bc3b45dd",,"job.created",
"cmr79oxci01w3pvw8oyah0lqq","2026-07-05T04:04:35.922Z","success","info","job.completed","system","system","System","job","aca68f12-7e14-4c64-a2d2-d7aa5d2676e2",,"job.completed",
"cmr79oxca01w1pvw8c9mkmjoz","2026-07-05T04:04:35.915Z","success","info","job.started","system","system","System","job","aca68f12-7e14-4c64-a2d2-d7aa5d2676e2",,"job.started",
"cmr79oxcc01w2pvw8qpn8w8ia","2026-07-05T04:04:35.915Z","success","info","schedule.triggered","system","system","System","schedule","core-heartbeat",,"schedule.triggered",
"cmr79oxc101w0pvw8ewqn74a3","2026-07-05T04:04:35.904Z","success","info","job.created","system","system","System","job","aca68f12-7e14-4c64-a2d2-d7aa5d2676e2",,"job.created",
"cmr79nmng01vzpvw85ppsfocx","2026-07-05T04:03:35.405Z","success","info","job.completed","system","system","System","job","76f9f80c-665c-4532-9217-8f26d1fea342",,"job.completed",
"cmr79nmnc01vxpvw8mlbosvw6","2026-07-05T04:03:35.400Z","success","info","job.started","system","system","System","job","76f9f80c-665c-4532-9217-8f26d1fea342",,"job.started",
"cmr79nmnd01vypvw8bm2gesum","2026-07-05T04:03:35.400Z","success","info","schedule.triggered","system","system","System","schedule","core-heartbeat",,"schedule.triggered",
"cmr79nmn501vwpvw89zx500do","2026-07-05T04:03:35.392Z","success","info","job.created","system","system","System","job","76f9f80c-665c-4532-9217-8f26d1fea342",,"job.created",
"cmr79mbxt01vupvw8zkk7u9ar","2026-07-05T04:02:34.865Z","success","info","job.completed","system","system","System","job","da713531-4caa-49ed-bab4-162bbd42a545",,"job.completed",
"cmr79mbxd01vtpvw84gvcpwrp","2026-07-05T04:02:34.850Z","success","info","job.started","system","system","System","job","da713531-4caa-49ed-bab4-162bbd42a545",,"job.started",
"cmr79mbxv01vvpvw8l1jx4aqy","2026-07-05T04:02:34.850Z","success","info","schedule.triggered","system","system","System","schedule","core-heartbeat",,"schedule.triggered",
"cmr79mbx501vspvw8dvsrinx9","2026-07-05T04:02:34.824Z","success","info","job.created","system","system","System","job","da713531-4caa-49ed-bab4-162bbd42a545",,"job.created",
"cmr79l17u01vrpvw8cyq8qzfd","2026-07-05T04:01:34.314Z","success","info","job.completed","system","system","System","job","751907b7-da43-4b93-a80c-d2f5df7f86fc",,"job.completed",
"cmr79l17p01vppvw8lp43y939","2026-07-05T04:01:34.309Z","success","info","job.started","system","system","System","job","751907b7-da43-4b93-a80c-d2f5df7f86fc",,"job.started",
"cmr79l17q01vqpvw83wlyja5k","2026-07-05T04:01:34.309Z","success","info","schedule.triggered","system","system","System","schedule","core-heartbeat",,"schedule.triggered",
"cmr79l17h01vopvw8xofkscdu","2026-07-05T04:01:34.300Z","success","info","job.created","system","system","System","job","751907b7-da43-4b93-a80c-d2f5df7f86fc",,"job.created",
"cmr79jqjc01vnpvw8wjkzseqg","2026-07-05T04:00:33.817Z","success","info","job.completed","system","system","System","job","3e6d434e-a681-46dc-9e0f-17201c04ff49",,"job.completed",
"cmr79jqj801vlpvw800enchhi","2026-07-05T04:00:33.812Z","success","info","schedule.triggered","system","system","System","schedule","core-heartbeat",,"schedule.triggered",
"cmr79jqj901vmpvw84k7gdqsx","2026-07-05T04:00:33.812Z","success","info","job.started","system","system","System","job","3e6d434e-a681-46dc-9e0f-17201c04ff49",,"job.started",
"cmr79jqj301vkpvw8ewor0s9j","2026-07-05T04:00:33.807Z","success","info","job.created","system","system","System","job","3e6d434e-a681-46dc-9e0f-17201c04ff49",,"job.created",
"cmr79iftl01vjpvw87c9it3tf","2026-07-05T03:59:33.274Z","success","info","job.completed","system","system","System","job","92392b80-62ff-466e-b587-54ad9deccf64",,"job.completed",
"cmr79ifth01vhpvw8yzpudp1t","2026-07-05T03:59:33.269Z","success","info","job.started","system","system","System","job","92392b80-62ff-466e-b587-54ad9deccf64",,"job.started",
"cmr79ifti01vipvw8p0r0ov26","2026-07-05T03:59:33.269Z","success","info","schedule.triggered","system","system","System","schedule","core-heartbeat",,"schedule.triggered",
"cmr79ift901vgpvw85nimt5rm","2026-07-05T03:59:33.261Z","success","info","job.created","system","system","System","job","92392b80-62ff-466e-b587-54ad9deccf64",,"job.created",
"cmr79h54k01vfpvw8cx5ku46f","2026-07-05T03:58:32.757Z","success","info","job.completed","system","system","System","job","050565a7-54a4-4ede-a649-4dae22e30457",,"job.completed",
"cmr79h54c01vdpvw8fob6w2rf","2026-07-05T03:58:32.748Z","success","info","job.started","system","system","System","job","050565a7-54a4-4ede-a649-4dae22e30457",,"job.started",
"cmr79h54e01vepvw8kjdnv3xt","2026-07-05T03:58:32.748Z","success","info","schedule.triggered","system","system","System","schedule","core-heartbeat",,"schedule.triggered",
"cmr79h53x01vcpvw8ni7u8wwb","2026-07-05T03:58:32.730Z","success","info","job.created","system","system","System","job","050565a7-54a4-4ede-a649-4dae22e30457",,"job.created",
"cmr79fufy01vapvw8xpnprmni","2026-07-05T03:57:32.254Z","success","info","job.completed","system","system","System","job","97cceda7-d3fa-4222-b89f-2024e27fa6c0",,"job.completed",
"cmr79fuft01v9pvw893qyptmq","2026-07-05T03:57:32.249Z","success","info","job.started","system","system","System","job","97cceda7-d3fa-4222-b89f-2024e27fa6c0",,"job.started",
"cmr79fuga01vbpvw8248eotce","2026-07-05T03:57:32.249Z","success","info","schedule.triggered","system","system","System","schedule","core-heartbeat",,"schedule.triggered",
"cmr79fufi01v8pvw8emaqm0t4","2026-07-05T03:57:32.210Z","success","info","job.created","system","system","System","job","97cceda7-d3fa-4222-b89f-2024e27fa6c0",,"job.created",
"cmr79ejp801v7pvw8qzcobkmm","2026-07-05T03:56:31.676Z","success","info","job.completed","system","system","System","job","d2256331-75d3-4ea2-90ee-b8acf4daeb06",,"job.completed",
"cmr79ejp001v6pvw89zi6trp4","2026-07-05T03:56:31.667Z","success","info","job.started","system","system","System","job","d2256331-75d3-4ea2-90ee-b8acf4daeb06",,"job.started",
"cmr79ejoz01v5pvw8z0k2zmjj","2026-07-05T03:56:31.667Z","success","info","schedule.triggered","system","system","System","schedule","core-heartbeat",,"schedule.triggered",
"cmr79ejoo01v4pvw87ha13hhu","2026-07-05T03:56:31.656Z","success","info","job.created","system","system","System","job","d2256331-75d3-4ea2-90ee-b8acf4daeb06",,"job.created",
"cmr79d90d01v3pvw8qq2jn18o","2026-07-05T03:55:31.166Z","success","info","job.completed","system","system","System","job","826b7954-2d14-45f7-923a-197d604debea",,"job.completed",
"cmr79d90801v2pvw87w1dml8g","2026-07-05T03:55:31.160Z","success","info","schedule.triggered","system","system","System","schedule","core-heartbeat",,"schedule.triggered",
"cmr79d90701v1pvw89zzkpomf","2026-07-05T03:55:31.160Z","success","info","job.started","system","system","System","job","826b7954-2d14-45f7-923a-197d604debea",,"job.started",
"cmr79d8zt01v0pvw8fjba0ap0","2026-07-05T03:55:31.145Z","success","info","job.created","system","system","System","job","826b7954-2d14-45f7-923a-197d604debea",,"job.created",
"cmr79byb501uzpvw8c2mt1q5a","2026-07-05T03:54:30.642Z","success","info","job.completed","system","system","System","job","22f9f712-dd94-4e72-8922-136ec5131de9",,"job.completed",
"cmr79byb301uypvw8as0kj4e2","2026-07-05T03:54:30.638Z","success","info","schedule.triggered","system","system","System","schedule","core-heartbeat",,"schedule.triggered",
"cmr79byb201uxpvw8124te0li","2026-07-05T03:54:30.638Z","success","info","job.started","system","system","System","job","22f9f712-dd94-4e72-8922-136ec5131de9",,"job.started",
"cmr79byax01uwpvw8mref4xzp","2026-07-05T03:54:30.632Z","success","info","job.created","system","system","System","job","22f9f712-dd94-4e72-8922-136ec5131de9",,"job.created",
"cmr79anln01uvpvw8m40ipmok","2026-07-05T03:53:30.108Z","success","info","job.completed","system","system","System","job","2c8f4e44-79c9-4b67-9cd9-255b78e5f393",,"job.completed",
"cmr79anld01utpvw81na7ku88","2026-07-05T03:53:30.098Z","success","info","job.started","system","system","System","job","2c8f4e44-79c9-4b67-9cd9-255b78e5f393",,"job.started",
"cmr79anlg01uupvw82lqdg5u6","2026-07-05T03:53:30.098Z","success","info","schedule.triggered","system","system","System","schedule","core-heartbeat",,"schedule.triggered",
"cmr79anky01uspvw8wucrmf1v","2026-07-05T03:53:30.079Z","success","info","job.created","system","system","System","job","2c8f4e44-79c9-4b67-9cd9-255b78e5f393",,"job.created",
"cmr799cwn01uqpvw86oqcvba4","2026-07-05T03:52:29.591Z","success","info","job.completed","system","system","System","job","a12c41d0-ccb0-421c-a823-6d648c933b0b",,"job.completed",
"cmr799cwh01uppvw8nhtugfpf","2026-07-05T03:52:29.586Z","success","info","job.started","system","system","System","job","a12c41d0-ccb0-421c-a823-6d648c933b0b",,"job.started",
"cmr799cx101urpvw8j5q4kuih","2026-07-05T03:52:29.586Z","success","info","schedule.triggered","system","system","System","schedule","core-heartbeat",,"schedule.triggered",
"cmr799cw501uopvw8a0hk0y07","2026-07-05T03:52:29.555Z","success","info","job.created","system","system","System","job","a12c41d0-ccb0-421c-a823-6d648c933b0b",,"job.created",
"cmr79826s01unpvw8b0y1de6h","2026-07-05T03:51:29.044Z","success","info","job.completed","system","system","System","job","7babf3a1-49ad-46a4-bb7d-3a3513618362",,"job.completed",
"cmr79826o01ulpvw8k6xj3xuc","2026-07-05T03:51:29.040Z","success","info","job.started","system","system","System","job","7babf3a1-49ad-46a4-bb7d-3a3513618362",,"job.started",
"cmr79826p01umpvw8pu84d0cp","2026-07-05T03:51:29.040Z","success","info","schedule.triggered","system","system","System","schedule","core-heartbeat",,"schedule.triggered",
"cmr79826f01ukpvw8vdo1hwvi","2026-07-05T03:51:29.030Z","success","info","job.created","system","system","System","job","7babf3a1-49ad-46a4-bb7d-3a3513618362",,"job.created",
"cmr796rh601ujpvw8uvbe3ozy","2026-07-05T03:50:28.506Z","success","info","job.completed","system","system","System","job","9844c9f0-5525-4b85-a3be-0afe9c52e396",,"job.completed",
"cmr796rh101uhpvw858sm2chj","2026-07-05T03:50:28.502Z","success","info","job.started","system","system","System","job","9844c9f0-5525-4b85-a3be-0afe9c52e396",,"job.started",
"cmr796rh201uipvw8cw5wn6ty","2026-07-05T03:50:28.502Z","success","info","schedule.triggered","system","system","System","schedule","core-heartbeat",,"schedule.triggered",
"cmr796rgs01ugpvw8jnh9nfpc","2026-07-05T03:50:28.492Z","success","info","job.created","system","system","System","job","9844c9f0-5525-4b85-a3be-0afe9c52e396",,"job.created",
"cmr795gqp01ufpvw8tkz33hoq","2026-07-05T03:49:27.937Z","success","info","job.completed","system","system","System","job","bf0a4466-c530-405c-8b04-89b242314b4b",,"job.completed",
"cmr795gqm01udpvw8qwd7zjm9","2026-07-05T03:49:27.934Z","success","info","job.started","system","system","System","job","bf0a4466-c530-405c-8b04-89b242314b4b",,"job.started",
"cmr795gqn01uepvw8vhafusnz","2026-07-05T03:49:27.934Z","success","info","schedule.triggered","system","system","System","schedule","core-heartbeat",,"schedule.triggered",
"cmr795gqi01ucpvw87ltca3yk","2026-07-05T03:49:27.929Z","success","info","job.created","system","system","System","job","bf0a4466-c530-405c-8b04-89b242314b4b",,"job.created",
"cmr79462f01ubpvw8al3vwn8n","2026-07-05T03:48:27.447Z","success","info","job.completed","system","system","System","job","f3b9db57-ba04-4a86-b823-b2a66b2141c3",,"job.completed",
"cmr79462601u9pvw8a3uhkq4a","2026-07-05T03:48:27.439Z","success","info","job.started","system","system","System","job","f3b9db57-ba04-4a86-b823-b2a66b2141c3",,"job.started",
"cmr79462801uapvw8gbsfp9i2","2026-07-05T03:48:27.439Z","success","info","schedule.triggered","system","system","System","schedule","core-heartbeat",,"schedule.triggered",
"cmr79461r01u8pvw88iey5l1b","2026-07-05T03:48:27.422Z","success","info","job.created","system","system","System","job","f3b9db57-ba04-4a86-b823-b2a66b2141c3",,"job.created",
"cmr792vbp01u6pvw8jf2sh904","2026-07-05T03:47:26.870Z","success","info","job.completed","system","system","System","job","85cc6b0d-c302-4db6-a36d-a74f2791a09f",,"job.completed",
"cmr792vbk01u5pvw8jb7aypz8","2026-07-05T03:47:26.865Z","success","info","job.started","system","system","System","job","85cc6b0d-c302-4db6-a36d-a74f2791a09f",,"job.started",
"cmr792vc201u7pvw8djhyuwi0","2026-07-05T03:47:26.865Z","success","info","schedule.triggered","system","system","System","schedule","core-heartbeat",,"schedule.triggered",
"cmr792vbd01u4pvw8w78p4pzx","2026-07-05T03:47:26.838Z","success","info","job.created","system","system","System","job","85cc6b0d-c302-4db6-a36d-a74f2791a09f",,"job.created",
"cmr791klr01u3pvw87raq0s14","2026-07-05T03:46:26.320Z","success","info","job.completed","system","system","System","job","50ce3b4a-a9c0-416b-b7e5-592ae50e4876",,"job.completed",
"cmr791klo01u1pvw8nfb1ejb4","2026-07-05T03:46:26.316Z","success","info","job.started","system","system","System","job","50ce3b4a-a9c0-416b-b7e5-592ae50e4876",,"job.started",
"cmr791klp01u2pvw8m0c6c6wx","2026-07-05T03:46:26.316Z","success","info","schedule.triggered","system","system","System","schedule","core-heartbeat",,"schedule.triggered",
"cmr791klg01u0pvw8vcgf0908","2026-07-05T03:46:26.307Z","success","info","job.created","system","system","System","job","50ce3b4a-a9c0-416b-b7e5-592ae50e4876",,"job.created",
"cmr7909un01tzpvw8ymv70jlx","2026-07-05T03:45:25.727Z","success","info","job.completed","system","system","System","job","c223eb0c-1b6a-4086-9046-879e05487910",,"job.completed",
"cmr7909ui01txpvw8y0t8ay7n","2026-07-05T03:45:25.722Z","success","info","job.started","system","system","System","job","c223eb0c-1b6a-4086-9046-879e05487910",,"job.started",
"cmr7909uj01typvw8i1my2mbj","2026-07-05T03:45:25.722Z","success","info","schedule.triggered","system","system","System","schedule","core-heartbeat",,"schedule.triggered",
"cmr7909uc01twpvw8wstphw7o","2026-07-05T03:45:25.715Z","success","info","job.created","system","system","System","job","c223eb0c-1b6a-4086-9046-879e05487910",,"job.created",
"cmr78yz3q01tvpvw89l311m8q","2026-07-05T03:44:25.142Z","success","info","job.completed","system","system","System","job","6529781f-7e0d-4ac3-ab19-bc2af777c425",,"job.completed",
"cmr78yz3n01ttpvw8rz8oj7vf","2026-07-05T03:44:25.139Z","success","info","job.started","system","system","System","job","6529781f-7e0d-4ac3-ab19-bc2af777c425",,"job.started",
"cmr78yz3o01tupvw8bb8cupgd","2026-07-05T03:44:25.139Z","success","info","schedule.triggered","system","system","System","schedule","core-heartbeat",,"schedule.triggered",
"cmr78yz3j01tspvw8n76uqcvu","2026-07-05T03:44:25.134Z","success","info","job.created","system","system","System","job","6529781f-7e0d-4ac3-ab19-bc2af777c425",,"job.created",
"cmr78xodu01trpvw8knrgd432","2026-07-05T03:43:24.595Z","success","info","job.completed","system","system","System","job","cbe4dedd-38de-4f22-b42b-5591320eeff0",,"job.completed",
"cmr78xodp01tppvw8ev1np5rz","2026-07-05T03:43:24.590Z","success","info","job.started","system","system","System","job","cbe4dedd-38de-4f22-b42b-5591320eeff0",,"job.started",
"cmr78xodq01tqpvw89t2bbblf","2026-07-05T03:43:24.590Z","success","info","schedule.triggered","system","system","System","schedule","core-heartbeat",,"schedule.triggered",
"cmr78xodj01topvw8f6bzh4ra","2026-07-05T03:43:24.582Z","success","info","job.created","system","system","System","job","cbe4dedd-38de-4f22-b42b-5591320eeff0",,"job.created",
"cmr78wdpf01tmpvw8kjc2t30z","2026-07-05T03:42:24.099Z","success","info","job.completed","system","system","System","job","9ae7f888-6391-46cb-b9ba-ef14b2806426",,"job.completed",
"cmr78wdpb01tlpvw8ewyb1vmk","2026-07-05T03:42:24.096Z","success","info","job.started","system","system","System","job","9ae7f888-6391-46cb-b9ba-ef14b2806426",,"job.started",
"cmr78wdps01tnpvw8l28hdmd3","2026-07-05T03:42:24.096Z","success","info","schedule.triggered","system","system","System","schedule","core-heartbeat",,"schedule.triggered",
"cmr78wdp501tkpvw8ck1ujeri","2026-07-05T03:42:24.061Z","success","info","job.created","system","system","System","job","9ae7f888-6391-46cb-b9ba-ef14b2806426",,"job.created",
"cmr78v2z101tjpvw80cqufvf8","2026-07-05T03:41:23.533Z","success","info","job.completed","system","system","System","job","6ade41c6-fd4f-4331-8038-de4c212481f9",,"job.completed",
"cmr78v2yy01thpvw8b5921hom","2026-07-05T03:41:23.531Z","success","info","job.started","system","system","System","job","6ade41c6-fd4f-4331-8038-de4c212481f9",,"job.started",
"cmr78v2yz01tipvw8g1wr1uv7","2026-07-05T03:41:23.531Z","success","info","schedule.triggered","system","system","System","schedule","core-heartbeat",,"schedule.triggered",
"cmr78v2yu01tgpvw8prjcyi6v","2026-07-05T03:41:23.525Z","success","info","job.created","system","system","System","job","6ade41c6-fd4f-4331-8038-de4c212481f9",,"job.created",
"cmr78tsab01tfpvw8t3e05ly0","2026-07-05T03:40:23.027Z","success","info","job.completed","system","system","System","job","f28b41b5-e411-49e3-9cd8-5c9057d32754",,"job.completed",
"cmr78tsa401tdpvw8gvcyfvzb","2026-07-05T03:40:23.020Z","success","info","job.started","system","system","System","job","f28b41b5-e411-49e3-9cd8-5c9057d32754",,"job.started",
"cmr78tsa601tepvw8d7g27028","2026-07-05T03:40:23.020Z","success","info","schedule.triggered","system","system","System","schedule","core-heartbeat",,"schedule.triggered",
"cmr78ts9x01tcpvw81pogs8nl","2026-07-05T03:40:23.011Z","success","info","job.created","system","system","System","job","f28b41b5-e411-49e3-9cd8-5c9057d32754",,"job.created",
"cmr78shk901tbpvw8o1k9qpwu","2026-07-05T03:39:22.474Z","success","info","job.completed","system","system","System","job","9cbb756c-96d2-41f7-9693-51f9124cd171",,"job.completed",
"cmr78shk501t9pvw8b88ghepe","2026-07-05T03:39:22.469Z","success","info","schedule.triggered","system","system","System","schedule","core-heartbeat",,"schedule.triggered",
"cmr78shk601tapvw836dq1fcp","2026-07-05T03:39:22.469Z","success","info","job.started","system","system","System","job","9cbb756c-96d2-41f7-9693-51f9124cd171",,"job.started",
"cmr78shk101t8pvw834kxna8v","2026-07-05T03:39:22.464Z","success","info","job.created","system","system","System","job","9cbb756c-96d2-41f7-9693-51f9124cd171",,"job.created",
"cmr78r6uh01t7pvw8o5qah5ly","2026-07-05T03:38:21.929Z","success","info","job.completed","system","system","System","job","56ba984f-82ec-482a-bbc5-09455214962b",,"job.completed",
"cmr78r6uc01t5pvw8kpxwf1rn","2026-07-05T03:38:21.924Z","success","info","job.started","system","system","System","job","56ba984f-82ec-482a-bbc5-09455214962b",,"job.started",
"cmr78r6ue01t6pvw87ig5ddcq","2026-07-05T03:38:21.924Z","success","info","schedule.triggered","system","system","System","schedule","core-heartbeat",,"schedule.triggered",
"cmr78r6u301t4pvw83f5w4htn","2026-07-05T03:38:21.913Z","success","info","job.created","system","system","System","job","56ba984f-82ec-482a-bbc5-09455214962b",,"job.created",
"cmr78pw4r01t2pvw8vityjsao","2026-07-05T03:37:21.387Z","success","info","job.completed","system","system","System","job","6593a925-b421-405a-a2bb-989a43318b3a",,"job.completed",
"cmr78pw4m01t1pvw8znawlkd5","2026-07-05T03:37:21.383Z","success","info","job.started","system","system","System","job","6593a925-b421-405a-a2bb-989a43318b3a",,"job.started",
"cmr78pw5601t3pvw8m3tuig7a","2026-07-05T03:37:21.383Z","success","info","schedule.triggered","system","system","System","schedule","core-heartbeat",,"schedule.triggered",
"cmr78pw4d01t0pvw8b5jtrbpp","2026-07-05T03:37:21.341Z","success","info","job.created","system","system","System","job","6593a925-b421-405a-a2bb-989a43318b3a",,"job.created",
"cmr78oled01szpvw857jdp4y1","2026-07-05T03:36:20.821Z","success","info","job.completed","system","system","System","job","f2d2a223-ffd0-4c5e-96ec-a20277e7100a",,"job.completed",
"cmr78ole901sypvw87m4p08y9","2026-07-05T03:36:20.817Z","success","info","schedule.triggered","system","system","System","schedule","core-heartbeat",,"schedule.triggered",
"cmr78ole801sxpvw862ay1tgt","2026-07-05T03:36:20.817Z","success","info","job.started","system","system","System","job","f2d2a223-ffd0-4c5e-96ec-a20277e7100a",,"job.started",
"cmr78ole301swpvw8u0x7rdl8","2026-07-05T03:36:20.810Z","success","info","job.created","system","system","System","job","f2d2a223-ffd0-4c5e-96ec-a20277e7100a",,"job.created",
"cmr78nao001svpvw8fj4yep0c","2026-07-05T03:35:20.257Z","success","info","job.completed","system","system","System","job","fe387484-17c4-4e41-a281-e2c15124c495",,"job.completed",
"cmr78nanw01stpvw88msv89g7","2026-07-05T03:35:20.252Z","success","info","schedule.triggered","system","system","System","schedule","core-heartbeat",,"schedule.triggered",
"cmr78nanx01supvw8eyskr6xp","2026-07-05T03:35:20.252Z","success","info","job.started","system","system","System","job","fe387484-17c4-4e41-a281-e2c15124c495",,"job.started",
"cmr78nant01sspvw8hz6ulodb","2026-07-05T03:35:20.248Z","success","info","job.created","system","system","System","job","fe387484-17c4-4e41-a281-e2c15124c495",,"job.created",
"cmr78lzwh01srpvw8lcyx53l3","2026-07-05T03:34:19.649Z","success","info","job.completed","system","system","System","job","03374fc0-feee-4f46-a71d-36d60ddfb656",,"job.completed",
"cmr78lzwc01sppvw83p0shshx","2026-07-05T03:34:19.645Z","success","info","job.started","system","system","System","job","03374fc0-feee-4f46-a71d-36d60ddfb656",,"job.started",
"cmr78lzwd01sqpvw80821dftx","2026-07-05T03:34:19.645Z","success","info","schedule.triggered","system","system","System","schedule","core-heartbeat",,"schedule.triggered",
"cmr78lzw601sopvw85ea8qynf","2026-07-05T03:34:19.638Z","success","info","job.created","system","system","System","job","03374fc0-feee-4f46-a71d-36d60ddfb656",,"job.created",
"cmr78kp4w01snpvw84wucvhsb","2026-07-05T03:33:19.040Z","success","info","job.completed","system","system","System","job","86572149-1e77-4a45-b2c0-b19b97c56d3b",,"job.completed",
"cmr78kp4n01slpvw8dmeomoul","2026-07-05T03:33:19.032Z","success","info","schedule.triggered","system","system","System","schedule","core-heartbeat",,"schedule.triggered",
"cmr78kp4o01smpvw89xwuk6ro","2026-07-05T03:33:19.032Z","success","info","job.started","system","system","System","job","86572149-1e77-4a45-b2c0-b19b97c56d3b",,"job.started",
"cmr78kp4g01skpvw8f1rgvgip","2026-07-05T03:33:19.024Z","success","info","job.created","system","system","System","job","86572149-1e77-4a45-b2c0-b19b97c56d3b",,"job.created",
"cmr78jeew01sipvw8s1x1z4o8","2026-07-05T03:32:18.488Z","success","info","job.completed","system","system","System","job","be47e59c-6106-4cac-aab5-5d8685f30781",,"job.completed",
"cmr78jeer01shpvw8oppva8ad","2026-07-05T03:32:18.483Z","success","info","job.started","system","system","System","job","be47e59c-6106-4cac-aab5-5d8685f30781",,"job.started",
"cmr78jef801sjpvw8jm0trfso","2026-07-05T03:32:18.483Z","success","info","schedule.triggered","system","system","System","schedule","core-heartbeat",,"schedule.triggered",
"cmr78jeei01sgpvw8ba943nkl","2026-07-05T03:32:18.455Z","success","info","job.created","system","system","System","job","be47e59c-6106-4cac-aab5-5d8685f30781",,"job.created",
"cmr78i3nr01sfpvw8obog0b5h","2026-07-05T03:31:17.896Z","success","info","job.completed","system","system","System","job","a1318e48-4eb2-48c7-8e50-57a4926540af",,"job.completed",
"cmr78i3nm01sdpvw8cwl0q8cc","2026-07-05T03:31:17.891Z","success","info","schedule.triggered","system","system","System","schedule","core-heartbeat",,"schedule.triggered",
"cmr78i3nn01sepvw8ztj0cey0","2026-07-05T03:31:17.891Z","success","info","job.started","system","system","System","job","a1318e48-4eb2-48c7-8e50-57a4926540af",,"job.started",
"cmr78i3ni01scpvw8diklqwyh","2026-07-05T03:31:17.886Z","success","info","job.created","system","system","System","job","a1318e48-4eb2-48c7-8e50-57a4926540af",,"job.created",
"cmr78gsxd01sbpvw8uq87cq49","2026-07-05T03:30:17.329Z","success","info","job.completed","system","system","System","job","3cd112ac-2fa3-4f58-b638-67282eea68a0",,"job.completed",
"cmr78gsx601s9pvw8s085j71d","2026-07-05T03:30:17.323Z","success","info","job.started","system","system","System","job","3cd112ac-2fa3-4f58-b638-67282eea68a0",,"job.started",
"cmr78gsx801sapvw8g4sfhxdl","2026-07-05T03:30:17.323Z","success","info","schedule.triggered","system","system","System","schedule","core-heartbeat",,"schedule.triggered",
"cmr78gswx01s8pvw83eqb4i7d","2026-07-05T03:30:17.312Z","success","info","job.created","system","system","System","job","3cd112ac-2fa3-4f58-b638-67282eea68a0",,"job.created",
"cmr78fi7b01s7pvw8zru4jvn7","2026-07-05T03:29:16.775Z","success","info","job.completed","system","system","System","job","0d548ff5-0852-4815-b19c-bfc5b8de3614",,"job.completed",
"cmr78fi7601s5pvw8guyw56e5","2026-07-05T03:29:16.770Z","success","info","job.started","system","system","System","job","0d548ff5-0852-4815-b19c-bfc5b8de3614",,"job.started",
"cmr78fi7701s6pvw86y7wn08c","2026-07-05T03:29:16.770Z","success","info","schedule.triggered","system","system","System","schedule","core-heartbeat",,"schedule.triggered",
"cmr78fi7001s4pvw8hqd4438v","2026-07-05T03:29:16.763Z","success","info","job.created","system","system","System","job","0d548ff5-0852-4815-b19c-bfc5b8de3614",,"job.created",
"cmr78e7gx01s3pvw8j8yvx49u","2026-07-05T03:28:16.209Z","success","info","job.completed","system","system","System","job","de509ff1-97e9-4613-b700-30705de767e5",,"job.completed",
"cmr78e7go01s1pvw8xhnot6kf","2026-07-05T03:28:16.201Z","success","info","schedule.triggered","system","system","System","schedule","core-heartbeat",,"schedule.triggered",
"cmr78e7gp01s2pvw8r3ibidel","2026-07-05T03:28:16.200Z","success","info","job.started","system","system","System","job","de509ff1-97e9-4613-b700-30705de767e5",,"job.started",
"cmr78e7gh01s0pvw80rlvubgx","2026-07-05T03:28:16.192Z","success","info","job.created","system","system","System","job","de509ff1-97e9-4613-b700-30705de767e5",,"job.created",
"cmr78cwsl01rypvw81lxuzggf","2026-07-05T03:27:15.717Z","success","info","job.completed","system","system","System","job","1b0482da-dd66-4635-880f-c6af195f0067",,"job.completed",
"cmr78cws501rxpvw820582qt1","2026-07-05T03:27:15.702Z","success","info","job.started","system","system","System","job","1b0482da-dd66-4635-880f-c6af195f0067",,"job.started",
"cmr78cwts01rzpvw8n5dgt9d4","2026-07-05T03:27:15.702Z","success","info","schedule.triggered","system","system","System","schedule","core-heartbeat",,"schedule.triggered",
"cmr78cwre01rwpvw80gvj5q8b","2026-07-05T03:27:15.614Z","success","info","job.created","system","system","System","job","1b0482da-dd66-4635-880f-c6af195f0067",,"job.created",
"cmr78blzr01rvpvw8kb1zpfsh","2026-07-05T03:26:15.063Z","success","info","job.completed","system","system","System","job","2d43f993-20e1-4d89-bb44-61b46f23c1a3",,"job.completed",
"cmr78blzj01rtpvw89ym3hb3v","2026-07-05T03:26:15.056Z","success","info","job.started","system","system","System","job","2d43f993-20e1-4d89-bb44-61b46f23c1a3",,"job.started",
"cmr78blzl01rupvw8t6kjjgvf","2026-07-05T03:26:15.056Z","success","info","schedule.triggered","system","system","System","schedule","core-heartbeat",,"schedule.triggered",
"cmr78blza01rspvw8a7v737mt","2026-07-05T03:26:15.045Z","success","info","job.created","system","system","System","job","2d43f993-20e1-4d89-bb44-61b46f23c1a3",,"job.created",
"cmr78ab8g01rrpvw8xh7g68gh","2026-07-05T03:25:14.464Z","success","info","job.completed","system","system","System","job","523a776e-418d-4218-9d3b-b8902605390a",,"job.completed",
"cmr78ab8b01rppvw8o6z21xz7","2026-07-05T03:25:14.459Z","success","info","job.started","system","system","System","job","523a776e-418d-4218-9d3b-b8902605390a",,"job.started",
"cmr78ab8c01rqpvw8exly2k9w","2026-07-05T03:25:14.459Z","success","info","schedule.triggered","system","system","System","schedule","core-heartbeat",,"schedule.triggered",
"cmr78ab8401ropvw8xg652ab3","2026-07-05T03:25:14.451Z","success","info","job.created","system","system","System","job","523a776e-418d-4218-9d3b-b8902605390a",,"job.created",
"cmr7890gm01rnpvw8n3b5d7rp","2026-07-05T03:24:13.846Z","success","info","job.completed","system","system","System","job","900f9f25-510b-4ebb-9524-b50b4002fb3c",,"job.completed",
"cmr7890gj01rlpvw8f7xo4f6d","2026-07-05T03:24:13.843Z","success","info","job.started","system","system","System","job","900f9f25-510b-4ebb-9524-b50b4002fb3c",,"job.started",
"cmr7890gj01rmpvw83cew9rew","2026-07-05T03:24:13.843Z","success","info","schedule.triggered","system","system","System","schedule","core-heartbeat",,"schedule.triggered",
"cmr7890gd01rkpvw8ue4bv3y1","2026-07-05T03:24:13.836Z","success","info","job.created","system","system","System","job","900f9f25-510b-4ebb-9524-b50b4002fb3c",,"job.created",
"cmr787po801rjpvw8g5v0a4ub","2026-07-05T03:23:13.208Z","success","info","job.completed","system","system","System","job","80278726-7df1-4628-9889-7ced82459eea",,"job.completed",
"cmr787pnw01rhpvw8ksqsbxv3","2026-07-05T03:23:13.197Z","success","info","job.started","system","system","System","job","80278726-7df1-4628-9889-7ced82459eea",,"job.started",
"cmr787pnz01ripvw86kmr6c30","2026-07-05T03:23:13.197Z","success","info","schedule.triggered","system","system","System","schedule","core-heartbeat",,"schedule.triggered",
"cmr787png01rgpvw8niiq5erh","2026-07-05T03:23:13.177Z","success","info","job.created","system","system","System","job","80278726-7df1-4628-9889-7ced82459eea",,"job.created",
"cmr786ey201repvw81pf337q1","2026-07-05T03:22:12.650Z","success","info","job.completed","system","system","System","job","838ae52e-2043-408b-b06b-d6ab50866e73",,"job.completed",
"cmr786exx01rdpvw892cedzdc","2026-07-05T03:22:12.645Z","success","info","job.started","system","system","System","job","838ae52e-2043-408b-b06b-d6ab50866e73",,"job.started",
"cmr786eyh01rfpvw8l7mbcsmk","2026-07-05T03:22:12.645Z","success","info","schedule.triggered","system","system","System","schedule","core-heartbeat",,"schedule.triggered",
"cmr786exo01rcpvw8xop4dk64","2026-07-05T03:22:12.605Z","success","info","job.created","system","system","System","job","838ae52e-2043-408b-b06b-d6ab50866e73",,"job.created",
"cmr78546k01rbpvw880mlxlh9","2026-07-05T03:21:12.045Z","success","info","job.completed","system","system","System","job","ef87d8b0-3ff1-4c81-ab4f-5152051034a0",,"job.completed",
"cmr78546g01rapvw8vdee27e3","2026-07-05T03:21:12.040Z","success","info","schedule.triggered","system","system","System","schedule","core-heartbeat",,"schedule.triggered",
"cmr78546f01r9pvw8lh4w021i","2026-07-05T03:21:12.040Z","success","info","job.started","system","system","System","job","ef87d8b0-3ff1-4c81-ab4f-5152051034a0",,"job.started",
"cmr78546601r8pvw8w2y1vkek","2026-07-05T03:21:12.029Z","success","info","job.created","system","system","System","job","ef87d8b0-3ff1-4c81-ab4f-5152051034a0",,"job.created",
"cmr783tgk01r7pvw8cm82cfmk","2026-07-05T03:20:11.492Z","success","info","job.completed","system","system","System","job","6dbc23a5-1712-42fd-8db3-dfbd998d5c9e",,"job.completed",
"cmr783tgh01r6pvw8bfkocw42","2026-07-05T03:20:11.489Z","success","info","schedule.triggered","system","system","System","schedule","core-heartbeat",,"schedule.triggered",
"cmr783tgg01r5pvw8qa77xs73","2026-07-05T03:20:11.489Z","success","info","job.started","system","system","System","job","6dbc23a5-1712-42fd-8db3-dfbd998d5c9e",,"job.started",
"cmr783tg801r4pvw85fmfw8j5","2026-07-05T03:20:11.479Z","success","info","job.created","system","system","System","job","6dbc23a5-1712-42fd-8db3-dfbd998d5c9e",,"job.created",
"cmr782iqp01r3pvw8f13okehu","2026-07-05T03:19:10.946Z","success","info","job.completed","system","system","System","job","63e510e0-e82a-4e77-a773-c90fb4131d14",,"job.completed",
"cmr782iqg01r1pvw8vjnh87fq","2026-07-05T03:19:10.937Z","success","info","schedule.triggered","system","system","System","schedule","core-heartbeat",,"schedule.triggered",